Trademark.Cultivar,Date,species1,species_count
Baby Lace,2019-09-19,Anthophora_abrupta,1
Baby Lace,2019-09-19,Bombus_impatiens,5
Baby Lace,2019-09-23,Apis_mellifera,1
Baby Lace,2019-09-24,Apis_mellifera,4
Baby Lace,2019-09-24,Wasp,1
Baby Lace,2019-09-26,Apis_mellifera,5
Baby Lace,2019-09-26,Diptera,3
Baby Lace,2019-09-26,Lepidoptera,1
Baby Lace,2019-09-26,Syrphidae,3
Baby Lace,2019-10-19,Bombus_impatiens,14
Baby Lace,2020-08-26,Apis_mellifera,1
Baby Lace,2020-08-26,Syrphidae,2
Baby Lace,2020-08-28,Apis_mellifera,1
Baby Lace,2020-08-28,Bombus_impatiens,5
Baby Lace,2020-09-02,Apis_mellifera,3
Baby Lace,2020-09-02,Bombus_impatiens,4
Baby Lace,2020-09-16,Apis_mellifera,2
Baby Lace,2020-09-16,Bombus_impatiens,2
Baby Lace,2020-09-16,Diptera,3
Baby Lace,2020-09-18,Apis_mellifera,2
Baby Lace,2020-09-18,Diptera,1
Baby Lace,2020-09-18,Syrphidae,1
Baby Lace,2020-09-18,Wasp,1
Baby Lace,2020-09-21,Diptera,2
Baby Lace,2020-09-21,Syrphidae,1
Baby Lace,2020-09-23,Apis_mellifera,1
Baby Lace,2020-09-23,Diptera,1
Baby Lace,2020-09-25,Apis_mellifera,1
Baby Lace,2021-08-10,Apis_mellifera,1
Baby Lace,2021-08-10,Coleoptera,1
Baby Lace,2021-08-19,Apis_mellifera,1
Baby Lace,2021-08-19,Bombus_impatiens,6
Baby Lace,2021-08-19,Bombus_rufocinctus,1
Big Ben,2019-09-05,Apis_mellifera,1
Big Ben,2019-09-05,Bombus_impatiens,3
Big Ben,2019-09-05,Lepidoptera,3
Big Ben,2019-09-05,Wasp,9
Big Ben,2019-09-19,Apis_mellifera,1
Big Ben,2019-09-19,Bombus_griseocollis,1
Big Ben,2019-09-19,Bombus_impatiens,5
Big Ben,2019-09-23,Apis_mellifera,2
Big Ben,2019-09-23,Augochlora,1
Big Ben,2019-09-23,Augochloropsis,6
Big Ben,2019-09-23,Coleoptera,2
Big Ben,2019-09-23,Syrphidae,1
Big Ben,2019-09-23,Wasp,5
Big Ben,2019-09-24,Apis_mellifera,6
Big Ben,2019-09-24,Coleoptera,4
Big Ben,2019-09-24,Halictus,1
Big Ben,2019-09-24,Lepidoptera,18
Big Ben,2019-09-24,Nomada,1
Big Ben,2019-09-24,Syrphidae,4
Big Ben,2019-09-24,Wasp,5
Big Ben,2019-09-26,Apis_dorsata,1
Big Ben,2019-09-26,Apis_mellifera,5
Big Ben,2019-09-26,Bombus_impatiens,4
Big Ben,2019-09-26,Coleoptera,1
Big Ben,2019-09-26,Diptera,2
Big Ben,2019-09-26,Lepidoptera,7
Big Ben,2019-09-26,Wasp,2
Big Ben,2019-09-30,Apis_mellifera,1
Big Ben,2019-09-30,Augochlora,1
Big Ben,2019-09-30,Bombus_impatiens,9
Big Ben,2019-09-30,Ceratina,2
Big Ben,2019-09-30,Coleoptera,1
Big Ben,2019-09-30,Diptera,13
Big Ben,2019-09-30,Halictus_tripartitus,1
Big Ben,2019-09-30,Hylaeus,1
Big Ben,2019-09-30,Hylaeus_leptocephalus,1
Big Ben,2019-09-30,Lasioglossum,1
Big Ben,2019-09-30,Lepidoptera,2
Big Ben,2019-09-30,Syrphidae,14
Big Ben,2019-09-30,Wasp,1
Big Ben,2019-10-08,Apis_mellifera,17
Big Ben,2019-10-08,Augochlora,7
Big Ben,2019-10-08,Augochlorella,1
Big Ben,2019-10-08,Augochloropsis,2
Big Ben,2019-10-08,Braunsapis,1
Big Ben,2019-10-08,Coleoptera,1
Big Ben,2019-10-08,Corynura,1
Big Ben,2019-10-08,Diptera,8
Big Ben,2019-10-08,Halictus_rubicundus,1
Big Ben,2019-10-08,Lasioglossum,3
Big Ben,2019-10-08,Lepidoptera,4
Big Ben,2019-10-08,Pseudaugochlora,1
Big Ben,2019-10-08,Syrphidae,45
Big Ben,2019-10-08,Wasp,14
Big Ben,2019-10-10,Apis_mellifera,2
Big Ben,2019-10-10,Augochlora,1
Big Ben,2019-10-10,Lasioglossum,3
Big Ben,2019-10-10,Syrphidae,13
Big Ben,2019-10-10,Wasp,2
Big Ben,2019-10-14,Apis_mellifera,3
Big Ben,2019-10-14,Bombus_bimaculatus,1
Big Ben,2019-10-14,Bombus_impatiens,8
Big Ben,2019-10-14,Coleoptera,1
Big Ben,2019-10-14,Diptera,5
Big Ben,2019-10-14,Syrphidae,37
Big Ben,2019-10-14,Wasp,5
Big Ben,2019-10-14,Xylocopa_tabaniformis,1
Big Ben,2019-10-15,Augochlora,1
Big Ben,2019-10-15,Augochlorella,1
Big Ben,2019-10-15,Augochloropsis,2
Big Ben,2019-10-15,Coleoptera,1
Big Ben,2019-10-15,Lasioglossum,3
Big Ben,2019-10-15,Syrphidae,54
Big Ben,2019-10-17,Apis_mellifera,2
Big Ben,2019-10-19,Andrena_fulva,2
Big Ben,2019-10-19,Andrena_milwaukeensis,3
Big Ben,2019-10-19,Apis_mellifera,2
Big Ben,2019-10-19,Bombus_impatiens,8
Big Ben,2019-10-19,Lepidoptera,6
Big Ben,2020-08-28,Apis_mellifera,6
Big Ben,2020-08-28,Bombus_impatiens,1
Big Ben,2020-08-28,Diptera,1
Big Ben,2020-08-28,Lepidoptera,2
Big Ben,2020-08-28,Syrphidae,2
Big Ben,2020-09-02,Apis_mellifera,1
Big Ben,2020-09-02,Diptera,1
Big Ben,2020-09-02,Wasp,2
Big Ben,2020-09-18,Apis_mellifera,2
Big Ben,2020-09-18,Bombus_impatiens,3
Big Ben,2020-09-18,Lepidoptera,1
Big Ben,2020-09-18,Syrphidae,1
Big Ben,2020-09-18,Wasp,2
Big Ben,2020-09-21,Apis_mellifera,2
Big Ben,2020-09-21,Coleoptera,1
Big Ben,2020-09-21,Syrphidae,1
Big Ben,2020-09-23,Apis_mellifera,6
Big Ben,2020-09-23,Coleoptera,2
Big Ben,2020-09-23,Diptera,3
Big Ben,2020-09-23,Syrphidae,3
Big Ben,2020-09-23,Wasp,2
Big Ben,2020-09-25,Apis_mellifera,3
Big Ben,2020-09-25,Coleoptera,1
Big Ben,2020-09-25,Diptera,3
Big Ben,2020-09-25,Syrphidae,2
Big Ben,2020-09-25,Wasp,2
Big Ben,2020-09-30,Apis_mellifera,2
Big Ben,2020-09-30,Bombus_impatiens,3
Big Ben,2020-09-30,Diptera,8
Big Ben,2020-10-07,Apis_mellifera,1
Big Ben,2020-10-07,Coleoptera,2
Big Ben,2020-10-07,Diptera,1
Big Ben,2020-10-07,Syrphidae,1
Big Ben,2020-10-07,Wasp,3
Big Ben,2020-10-09,Apis_mellifera,1
Big Ben,2020-10-09,Diptera,1
Big Ben,2020-10-09,Exoneuridia,1
Big Ben,2020-10-09,Wasp,3
Big Ben,2020-10-14,Apis_mellifera,5
Big Ben,2020-10-14,Coleoptera,1
Big Ben,2020-10-14,Diptera,5
Big Ben,2020-10-14,Halictus_tripartitus,1
Big Ben,2020-10-14,Syrphidae,1
Big Ben,2020-10-16,Apis_mellifera,3
Brussels Lace,2019-08-23,Apis_mellifera,1
Brussels Lace,2019-08-23,Bombus_impatiens,21
Brussels Lace,2019-08-29,Apis_mellifera,8
Brussels Lace,2019-08-29,Bombus_bimaculatus,1
Brussels Lace,2019-08-29,Bombus_impatiens,11
Brussels Lace,2019-08-29,Lepidoptera,4
Brussels Lace,2019-09-05,Wasp,2
Brussels Lace,2019-09-19,Bombus_impatiens,16
Brussels Lace,2019-09-19,Diptera,3
Brussels Lace,2019-09-19,Lepidoptera,3
Brussels Lace,2019-09-19,Wasp,2
Brussels Lace,2019-09-23,Syrphidae,4
Brussels Lace,2019-09-24,Diptera,2
Brussels Lace,2019-09-24,Syrphidae,2
Brussels Lace,2019-10-10,Lepidoptera,5
Brussels Lace,2019-10-19,Agapostemon_splendens,1
Brussels Lace,2019-10-19,Bombus_bimaculatus,1
Brussels Lace,2019-10-19,Bombus_impatiens,32
Brussels Lace,2019-10-19,Lepidoptera,3
Brussels Lace,2019-10-19,Wasp,2
Brussels Lace,2020-08-19,Apis_mellifera,3
Brussels Lace,2020-08-19,Bombus_impatiens,2
Brussels Lace,2020-08-19,Ceratina,1
Brussels Lace,2020-08-19,Coleoptera,1
Brussels Lace,2020-08-19,Diptera,1
Brussels Lace,2020-08-19,Hylaeus_leptocephalus,1
Brussels Lace,2020-08-21,Apis_mellifera,3
Brussels Lace,2020-08-21,Coleoptera,4
Brussels Lace,2020-08-21,Hylaeus,1
Brussels Lace,2020-08-21,Hylaeus_modestus,1
Brussels Lace,2020-08-21,Nomada,2
Brussels Lace,2020-08-21,Wasp,2
Brussels Lace,2020-08-26,Apis_mellifera,5
Brussels Lace,2020-08-26,Bombus_impatiens,1
Brussels Lace,2020-08-26,Coleoptera,1
Brussels Lace,2020-08-26,Diptera,3
Brussels Lace,2020-08-26,Lepidoptera,1
Brussels Lace,2020-08-28,Apis_mellifera,2
Brussels Lace,2020-08-28,Diptera,3
Brussels Lace,2020-08-31,Apis_mellifera,1
Brussels Lace,2020-08-31,Coleoptera,1
Brussels Lace,2020-08-31,Diptera,2
Brussels Lace,2020-09-02,Apis_mellifera,1
Brussels Lace,2020-09-02,Bombus_impatiens,3
Brussels Lace,2020-09-02,Ceratina,1
Brussels Lace,2020-09-02,Diptera,1
Brussels Lace,2020-09-02,Lepidoptera,1
Brussels Lace,2020-09-02,Syrphidae,3
Brussels Lace,2020-09-02,Wasp,5
Brussels Lace,2020-09-14,Apis_mellifera,5
Brussels Lace,2020-09-14,Coleoptera,1
Brussels Lace,2020-09-14,Diptera,3
Brussels Lace,2020-09-14,Wasp,4
Brussels Lace,2020-09-18,Apis_mellifera,3
Brussels Lace,2020-09-18,Bombus_impatiens,1
Brussels Lace,2020-09-18,Coleoptera,2
Brussels Lace,2020-09-18,Diptera,3
Brussels Lace,2020-09-18,Lepidoptera,2
Brussels Lace,2020-09-18,Wasp,4
Brussels Lace,2020-09-21,Apis_mellifera,1
Brussels Lace,2020-09-21,Calliopsis,1
Brussels Lace,2020-09-21,Halictus_ligatus,1
Brussels Lace,2020-09-21,Lepidoptera,3
Brussels Lace,2020-09-21,Meliponini,1
Brussels Lace,2020-09-21,Wasp,2
Brussels Lace,2020-09-21,Xylocopa_tenuiscapa,1
Brussels Lace,2020-09-23,Apis_mellifera,2
Brussels Lace,2020-09-25,Apis_mellifera,3
Brussels Lace,2020-09-25,Meliponini,1
Brussels Lace,2020-09-25,Syrphidae,1
Brussels Lace,2020-09-28,Bombus_impatiens,2
Brussels Lace,2020-09-28,Diptera,1
Brussels Lace,2020-09-30,Bombus_impatiens,2
Brussels Lace,2021-08-05,Apis_mellifera,2
Brussels Lace,2021-08-05,Bombus_impatiens,2
Brussels Lace,2021-08-05,Hylaeus_leptocephalus,1
Brussels Lace,2021-08-10,Apis_mellifera,3
Brussels Lace,2021-08-10,Bombus_impatiens,4
Brussels Lace,2021-08-10,Coleoptera,2
Brussels Lace,2021-08-12,Bombus_impatiens,11
Brussels Lace,2021-08-12,Lepidoptera,3
Brussels Lace,2021-08-12,Wasp,5
Brussels Lace,2021-08-17,Apis_mellifera,3
Brussels Lace,2021-08-17,Bombus_impatiens,3
Brussels Lace,2021-08-17,Diptera,2
Brussels Lace,2021-08-19,Apis_mellifera,4
Brussels Lace,2021-08-19,Bombus_impatiens,8
Brussels Lace,2021-08-19,Coleoptera,1
Brussels Lace,2021-08-19,Syrphidae,1
Brussels Lace,2021-08-19,Wasp,1
Daimond Rogue,2019-07-17,Apis_mellifera,7
Daimond Rogue,2019-07-17,Coleoptera,2
Daimond Rogue,2019-07-17,Hylaeus_modestus,1
Daimond Rogue,2019-07-17,Syrphidae,1
Daimond Rogue,2019-07-17,Wasp,8
Daimond Rogue,2019-07-18,Coleoptera,2
Daimond Rogue,2019-07-19,Diptera,2
Daimond Rogue,2019-07-19,Meliponini,1
Daimond Rogue,2019-07-19,Syrphidae,3
Daimond Rogue,2019-07-19,Thygater,1
Daimond Rogue,2019-07-19,Wasp,1
Daimond Rogue,2019-07-22,Coleoptera,1
Daimond Rogue,2019-07-22,Diptera,3
Daimond Rogue,2019-07-22,Lasioglossum,2
Daimond Rogue,2019-07-31,Wasp,1
Daimond Rogue,2019-08-02,Wasp,7
Daimond Rogue,2019-08-07,Apis_mellifera,5
Daimond Rogue,2019-10-15,Apis_mellifera,2
Daimond Rogue,2019-10-15,Syrphidae,2
Daimond Rogue,2020-07-10,Syrphidae,1
Daimond Rogue,2020-07-20,Coleoptera,2
Daimond Rogue,2020-08-19,Hylaeus_leptocephalus,1
Daimond Rogue,2020-08-21,Apis_mellifera,1
Daimond Rogue,2020-08-21,Wasp,1
Dharuma,2019-07-11,Augochlora,1
Dharuma,2019-07-11,Coleoptera,4
Dharuma,2019-07-11,Hylaeus,1
Dharuma,2019-07-11,Lasioglossum,1
Dharuma,2019-07-11,Perdita,1
Dharuma,2019-07-12,Apis_mellifera,5
Dharuma,2019-07-12,Chelostoma,1
Dharuma,2019-07-12,Coleoptera,2
Dharuma,2019-07-12,Halictus_rubicundus,1
Dharuma,2019-07-12,Halictus_tripartitus,2
Dharuma,2019-07-12,Meliponini,2
Dharuma,2019-07-12,Nomada,1
Dharuma,2019-07-12,Panurginus,1
Dharuma,2019-07-12,Wasp,1
Dharuma,2019-07-17,Andrena,3
Dharuma,2019-07-17,Diptera,2
Dharuma,2019-07-17,Halictus_rubicundus,1
Dharuma,2019-07-17,Halictus_tripartitus,2
Dharuma,2019-07-17,Lasioglossum,2
Dharuma,2019-07-17,Syrphidae,4
Dharuma,2019-07-18,Andrena_ventralis,1
Dharuma,2019-07-18,Apis_mellifera,10
Dharuma,2019-07-18,Coleoptera,4
Dharuma,2019-07-18,Colletes_inaequalis,1
Dharuma,2019-07-18,Diptera,4
Dharuma,2019-07-18,Halictus,1
Dharuma,2019-07-18,Halictus_tripartitus,2
Dharuma,2019-07-18,Lasioglossum,2
Dharuma,2019-07-18,Ptilothrix,1
Dharuma,2019-07-18,Syrphidae,8
Dharuma,2019-07-18,Wasp,6
Dharuma,2019-07-19,Centris,1
Dharuma,2019-07-19,Coleoptera,2
Dharuma,2019-07-19,Diptera,2
Dharuma,2019-07-19,Halictus_rubicundus,4
Dharuma,2019-07-19,Halictus_tripartitus,3
Dharuma,2019-07-19,Lepidoptera,1
Dharuma,2019-07-19,Syrphidae,8
Dharuma,2019-07-22,Apis_mellifera,3
Dharuma,2019-07-22,Bombus_bimaculatus,16
Dharuma,2019-07-22,Bombus_griseocollis,2
Dharuma,2019-07-22,Diptera,6
Dharuma,2019-07-22,Halictus_rubicundus,1
Dharuma,2019-07-22,Lepidoptera,2
Dharuma,2019-07-22,Syrphidae,3
Dharuma,2019-07-22,Wasp,17
Dharuma,2019-07-24,Diptera,1
Dharuma,2019-07-24,Syrphidae,5
Dharuma,2019-07-26,Apis_mellifera,4
Dharuma,2019-07-26,Halictus_rubicundus,1
Dharuma,2019-07-26,Lepidoptera,3
Dharuma,2019-07-31,Apis_mellifera,5
Dharuma,2019-07-31,Bombus_bimaculatus,3
Dharuma,2019-07-31,Halictus_tripartitus,1
Dharuma,2019-08-02,Apis_mellifera,8
Dharuma,2020-07-10,Apis_mellifera,20
Dharuma,2020-07-10,Bombus_affinis,6
Dharuma,2020-07-10,Bombus_perplexus,1
Dharuma,2020-07-10,Coleoptera,6
Dharuma,2020-07-10,Diptera,15
Dharuma,2020-07-10,Halictus,1
Dharuma,2020-07-10,Halictus_rubicundus,3
Dharuma,2020-07-10,Halictus_tripartitus,4
Dharuma,2020-07-10,Hylaeus_modestus,1
Dharuma,2020-07-10,Lasioglossum,5
Dharuma,2020-07-10,Syrphidae,13
Dharuma,2020-07-10,Wasp,20
Dharuma,2020-07-13,Apis_mellifera,6
Dharuma,2020-07-13,Chelostoma,1
Dharuma,2020-07-13,Diptera,4
Dharuma,2020-07-13,Hylaeus_leptocephalus,1
Dharuma,2020-07-13,Lasioglossum,2
Dharuma,2020-07-13,Syrphidae,2
Dharuma,2020-07-13,Wasp,6
Dharuma,2020-07-13,Xylocopa_micans,1
Dharuma,2020-07-20,Apis_mellifera,5
Dharuma,2020-07-20,Bombus_impatiens,7
Dharuma,2020-07-20,Coleoptera,1
Dharuma,2020-07-20,Diptera,2
Dharuma,2020-07-20,Halictus_tripartitus,1
Dharuma,2020-07-20,Hylaeus,1
Dharuma,2020-07-20,Hylaeus_modestus,1
Dharuma,2020-07-20,Lasioglossum,2
Dharuma,2020-07-20,Macropis,1
Dharuma,2020-07-20,Sphecodes,1
Dharuma,2020-07-20,Syrphidae,3
Dharuma,2020-07-20,Wasp,16
Dharuma,2020-07-27,Halictus_tripartitus,2
Dharuma,2020-07-27,Wasp,1
Dharuma,2021-07-09,Bombus_affinis,3
Dharuma,2021-07-09,Chelostoma,1
Dharuma,2021-07-09,Coleoptera,6
Dharuma,2021-07-09,Diptera,11
Dharuma,2021-07-09,Halictus,1
Dharuma,2021-07-09,Halictus_tripartitus,1
Dharuma,2021-07-09,Hylaeus_leptocephalus,1
Dharuma,2021-07-09,Hylaeus_modestus,1
Dharuma,2021-07-09,Lasioglossum,5
Dharuma,2021-07-09,Meliponini,1
Dharuma,2021-07-09,Syrphidae,1
Dharuma,2021-07-09,Wasp,18
Dharuma,2021-07-15,Augochlora,1
Dharuma,2021-07-15,Ceratina,2
Dharuma,2021-07-15,Ceylalictus,1
Dharuma,2021-07-15,Chelostoma,1
Dharuma,2021-07-15,Coleoptera,3
Dharuma,2021-07-15,Diptera,6
Dharuma,2021-07-15,Halictus_tripartitus,3
Dharuma,2021-07-15,Hylaeus,2
Dharuma,2021-07-15,Hylaeus_modestus,1
Dharuma,2021-07-15,Lasioglossum,2
Dharuma,2021-07-15,Megachile_sculpturalis,1
Dharuma,2021-07-15,Syrphidae,9
Dharuma,2021-07-15,Wasp,14
Dharuma,2021-07-16,Ceratina,1
Dharuma,2021-07-16,Coleoptera,2
Dharuma,2021-07-16,Diptera,3
Dharuma,2021-07-16,Halictus,3
Dharuma,2021-07-16,Lepidoptera,1
Dharuma,2021-07-16,Megachile,3
Dharuma,2021-07-16,Osmia,1
Dharuma,2021-07-16,Wasp,6
Dolly,2019-08-02,Apis_mellifera,9
Dolly,2019-08-02,Diptera,2
Dolly,2020-08-28,Apis_mellifera,1
Dolly,2020-08-28,Syrphidae,2
Dolly,2020-09-02,Apis_mellifera,1
Dolly,2020-09-02,Perdita,1
Dolly,2020-09-21,Apis_mellifera,1
Dolly,2020-09-23,Apis_mellifera,2
Dolly,2021-07-16,Lepidoptera,2
Dolly,2021-08-10,Apis_mellifera,2
Fire & Ice,2019-07-18,Coleoptera,1
Fire & Ice,2019-07-18,Diptera,1
Fire & Ice,2019-07-18,Syrphidae,1
Fire & Ice,2019-07-18,Wasp,1
Fire & Ice,2019-07-22,Andrena_prunorum,1
Fire & Ice,2019-07-22,Apis_mellifera,6
Fire & Ice,2019-07-22,Diptera,4
Fire & Ice,2019-07-22,Syrphidae,1
Fire & Ice,2019-07-22,Wasp,1
Fire & Ice,2019-07-24,Wasp,5
Fire & Ice,2019-07-26,Apis_mellifera,2
Fire & Ice,2019-07-26,Coleoptera,1
Fire & Ice,2019-07-31,Apis_mellifera,9
Fire & Ice,2019-07-31,Lepidoptera,5
Fire & Ice,2019-07-31,Ptilothrix,1
Fire & Ice,2019-07-31,Wasp,12
Fire & Ice,2019-08-02,Apis_mellifera,32
Fire & Ice,2019-08-02,Lepidoptera,1
Fire & Ice,2019-08-07,Apis_mellifera,11
Fire & Ice,2019-08-07,Lepidoptera,5
Fire & Ice,2020-07-20,Apis_mellifera,7
Fire & Ice,2020-07-20,Coleoptera,2
Fire & Ice,2020-07-20,Diptera,3
Fire & Ice,2020-07-20,Wasp,4
Fire & Ice,2020-07-27,Halictus_tripartitus,2
Fire & Ice,2020-07-27,Sphecodes,1
Fire & Ice,2020-07-27,Syrphidae,1
Fire & Ice,2021-07-09,Bombus_impatiens,1
Fire & Ice,2021-07-09,Diptera,2
Fire & Ice,2021-07-09,Wasp,3
Fire & Ice,2021-07-15,Diptera,2
Fire Light,2019-08-23,Coleoptera,5
Fire Light,2019-09-24,Apis_mellifera,6
Fire Light,2019-10-10,Agapostemon,1
Fire Light,2019-10-10,Wasp,1
Fire Light,2020-09-21,Apis_mellifera,1
Fire Light,2020-09-23,Diptera,1
Fire Light,2020-09-23,Wasp,2
Fire Light,2021-08-05,Wasp,2
Floribunda,2019-08-23,Apis_mellifera,7
Floribunda,2019-08-29,Apis_mellifera,1
Floribunda,2019-08-29,Lepidoptera,1
Floribunda,2019-08-29,Wasp,2
Floribunda,2019-09-05,Bombus_impatiens,4
Floribunda,2019-09-05,Bombus_rufocinctus,1
Floribunda,2019-09-05,Coleoptera,3
Floribunda,2019-09-05,Lepidoptera,1
Floribunda,2019-09-05,Wasp,12
Floribunda,2019-09-19,Bombus_impatiens,16
Floribunda,2019-09-23,Apis_dorsata,1
Floribunda,2019-09-23,Apis_mellifera,3
Floribunda,2019-09-23,Augochlora,5
Floribunda,2019-09-23,Bombus_impatiens,1
Floribunda,2019-09-23,Coleoptera,5
Floribunda,2019-09-23,Diptera,4
Floribunda,2019-09-23,Lepidoptera,5
Floribunda,2019-09-23,Wasp,2
Floribunda,2019-09-24,Augochlora,2
Floribunda,2019-09-24,Augochlorella,1
Floribunda,2019-09-24,Syrphidae,5
Floribunda,2019-09-26,Apis_mellifera,4
Floribunda,2019-09-26,Augochlora,1
Floribunda,2019-09-26,Bombus_impatiens,1
Floribunda,2019-09-26,Diptera,4
Floribunda,2019-09-26,Syrphidae,2
Floribunda,2019-09-26,Wasp,1
Floribunda,2019-09-30,Corynura,1
Floribunda,2019-09-30,Hylaeus,3
Floribunda,2019-09-30,Syrphidae,1
Floribunda,2019-10-08,Apis_mellifera,1
Floribunda,2019-10-08,Augochlora,2
Floribunda,2019-10-08,Augochloropsis,1
Floribunda,2019-10-08,Lasioglossum,1
Floribunda,2019-10-19,Anthophora_plumipes,1
Floribunda,2019-10-19,Apis_mellifera,4
Floribunda,2019-10-19,Bombus_bimaculatus,1
Floribunda,2019-10-19,Bombus_impatiens,13
Floribunda,2019-10-19,Habropoda,1
Floribunda,2019-10-19,Lepidoptera,2
Floribunda,2019-10-19,Wasp,1
Floribunda,2020-08-21,Apis_mellifera,2
Floribunda,2020-08-21,Wasp,1
Floribunda,2020-08-26,Apis_mellifera,2
Floribunda,2020-08-26,Hylaeus_leptocephalus,1
Floribunda,2020-08-26,Wasp,2
Floribunda,2020-08-28,Apis_dorsata,1
Floribunda,2020-08-28,Apis_mellifera,2
Floribunda,2020-08-31,Diptera,2
Floribunda,2020-09-02,Apis_mellifera,1
Floribunda,2020-09-02,Bombus_impatiens,3
Floribunda,2020-09-02,Diptera,2
Floribunda,2020-09-02,Syrphidae,1
Floribunda,2020-09-02,Wasp,1
Floribunda,2020-09-14,Syrphidae,2
Floribunda,2020-09-14,Wasp,2
Floribunda,2020-09-18,Apis_mellifera,3
Floribunda,2020-09-18,Coleoptera,1
Floribunda,2020-09-18,Diptera,4
Floribunda,2020-09-18,Lepidoptera,1
Floribunda,2020-09-18,Wasp,3
Floribunda,2020-09-21,Apis_mellifera,3
Floribunda,2020-09-21,Augochlorella,1
Floribunda,2020-09-21,Diptera,4
Floribunda,2020-09-21,Halictus_tripartitus,1
Floribunda,2020-09-21,Heriades,1
Floribunda,2020-09-21,Syrphidae,2
Floribunda,2020-09-23,Apis_mellifera,7
Floribunda,2020-09-23,Augochlora,2
Floribunda,2020-09-23,Augochlorella,2
Floribunda,2020-09-23,Diptera,1
Floribunda,2020-09-23,Halictus_rubicundus,1
Floribunda,2020-09-23,Halictus_tripartitus,1
Floribunda,2020-09-23,Lasioglossum,2
Floribunda,2020-09-23,Syrphidae,1
Floribunda,2020-09-23,Wasp,3
Floribunda,2020-09-25,Apis_mellifera,2
Floribunda,2020-09-25,Augochlora,1
Floribunda,2020-09-25,Augochlorella,2
Floribunda,2020-09-25,Augochloropsis,1
Floribunda,2020-09-25,Wasp,2
Floribunda,2020-09-28,Diptera,1
Floribunda,2020-09-28,Syrphidae,1
Floribunda,2020-09-30,Bombus_impatiens,2
Floribunda,2020-10-07,Diptera,1
Floribunda,2020-10-09,Augochlorella,2
Floribunda,2020-10-09,Coleoptera,2
Floribunda,2020-10-09,Diptera,1
Floribunda,2020-10-14,Apis_mellifera,1
Floribunda,2020-10-14,Augochlora,3
Floribunda,2020-10-14,Augochlorella,3
Floribunda,2020-10-14,Coleoptera,7
Floribunda,2020-10-14,Diptera,2
Floribunda,2020-10-14,Lepidoptera,1
Floribunda,2020-10-14,Syrphidae,1
Floribunda,2020-10-14,Xylocopa_sonorina,1
Floribunda,2021-08-10,Apis_mellifera,4
Floribunda,2021-08-10,Bombus_impatiens,1
Floribunda,2021-08-10,Diptera,3
Floribunda,2021-08-10,Syrphidae,4
Floribunda,2021-08-10,Wasp,4
Floribunda,2021-08-12,Bombus_bimaculatus,1
Floribunda,2021-08-12,Bombus_impatiens,2
Floribunda,2021-08-12,Coleoptera,1
Floribunda,2021-08-12,Syrphidae,5
Floribunda,2021-08-12,Wasp,5
Floribunda,2021-08-17,Apis_mellifera,4
Floribunda,2021-08-17,Bombus_impatiens,7
Floribunda,2021-08-17,Brachymelecta,1
Floribunda,2021-08-17,Coleoptera,2
Floribunda,2021-08-17,Wasp,3
Floribunda,2021-08-19,Apis_mellifera,1
Floribunda,2021-08-19,Bombus_impatiens,1
Floribunda,2021-08-19,Bombus_occidentalis,1
Floribunda,2021-08-19,Ceratina,1
Floribunda,2021-08-19,Wasp,1
Great Star,2019-08-28,Lepidoptera,4
Great Star,2019-08-28,Wasp,1
Great Star,2019-08-29,Bombus_impatiens,3
Great Star,2019-08-29,Coleoptera,1
Great Star,2019-08-29,Lepidoptera,3
Great Star,2019-08-29,Wasp,5
Great Star,2019-09-05,Bombus_bimaculatus,1
Great Star,2019-09-05,Bombus_impatiens,5
Great Star,2019-09-05,Hylaeus,1
Great Star,2019-09-05,Wasp,1
Great Star,2019-09-23,Apis_mellifera,1
Great Star,2019-09-23,Lasioglossum,1
Great Star,2019-09-24,Apis_mellifera,1
Great Star,2019-09-24,Bombus_impatiens,1
Great Star,2019-09-24,Diptera,4
Great Star,2019-09-24,Syrphidae,1
Great Star,2019-09-24,Wasp,1
Great Star,2019-09-26,Apis_mellifera,2
Great Star,2019-09-26,Lepidoptera,2
Great Star,2019-09-26,Syrphidae,1
Great Star,2019-09-26,Wasp,4
Great Star,2019-09-30,Apis_mellifera,11
Great Star,2019-09-30,Diptera,1
Great Star,2019-09-30,Lepidoptera,1
Great Star,2019-09-30,Syrphidae,5
Great Star,2019-09-30,Wasp,1
Great Star,2019-10-08,Apis_mellifera,4
Great Star,2019-10-08,Augochloropsis,2
Great Star,2019-10-08,Diptera,5
Great Star,2019-10-08,Sphecodes,2
Great Star,2019-10-08,Syrphidae,12
Great Star,2019-10-08,Wasp,4
Great Star,2019-10-10,Augochlora,1
Great Star,2019-10-10,Augochloropsis,2
Great Star,2019-10-10,Diptera,1
Great Star,2019-10-10,Lasioglossum,2
Great Star,2019-10-10,Lepidoptera,3
Great Star,2019-10-10,Syrphidae,5
Great Star,2019-10-14,Syrphidae,4
Great Star,2019-10-14,Wasp,4
Great Star,2019-10-15,Andrena_milwaukeensis,1
Great Star,2019-10-15,Augochlora,1
Great Star,2019-10-15,Augochloropsis,1
Great Star,2019-10-15,Coleoptera,4
Great Star,2019-10-15,Syrphidae,21
Great Star,2019-10-15,Wasp,4
Great Star,2019-10-15,Xylocopa_micans,1
Great Star,2020-08-28,Apis_mellifera,1
Great Star,2020-08-28,Wasp,5
Great Star,2020-09-02,Bombus_impatiens,1
Great Star,2020-09-02,Diptera,1
Great Star,2020-09-02,Wasp,3
Great Star,2020-09-14,Bombus_impatiens,5
Great Star,2020-09-14,Wasp,5
Great Star,2020-09-18,Apis_mellifera,2
Great Star,2020-09-18,Coleoptera,3
Great Star,2020-09-18,Wasp,1
Great Star,2020-09-21,Apis_mellifera,2
Great Star,2020-09-21,Wasp,1
Great Star,2020-09-23,Apis_mellifera,1
Great Star,2020-09-23,Coleoptera,1
Great Star,2020-09-28,Apis_mellifera,1
Great Star,2020-09-30,Apis_mellifera,2
Great Star,2020-09-30,Diptera,1
Great Star,2020-10-14,Syrphidae,1
Great Star,2020-10-21,Apis_mellifera,3
Great Star,2021-08-02,Apis_mellifera,2
Great Star,2021-08-02,Perdita,1
Great Star,2021-08-12,Apis_mellifera,1
Great Star,2021-08-12,Hylaeus,1
Great Star,2021-08-12,Wasp,2
Great Star,2021-08-17,Apis_mellifera,2
Great Star,2021-08-17,Wasp,3
Great Star,2021-08-19,Apis_mellifera,6
Great Star,2021-08-19,Bombus_affinis,2
Great Star,2021-08-19,Bombus_impatiens,4
Great Star,2021-08-19,Wasp,5
Green Spire,2019-09-19,Bombus_impatiens,25
Green Spire,2019-09-19,Bombus_pauloensis,1
Green Spire,2019-09-19,Bombus_rufocinctus,1
Green Spire,2019-09-19,Syrphidae,1
Green Spire,2019-09-23,Apis_mellifera,3
Green Spire,2019-09-24,Apis_mellifera,2
Green Spire,2019-09-24,Diptera,1
Green Spire,2019-09-24,Syrphidae,6
Green Spire,2019-09-24,Xylocopa_sonorina,1
Green Spire,2019-09-26,Apis_mellifera,5
Green Spire,2019-09-26,Syrphidae,5
Green Spire,2019-10-19,Andrena,1
Green Spire,2019-10-19,Bombus_impatiens,9
Green Spire,2019-10-19,Diptera,3
Green Spire,2019-10-19,Hylaeus_leptocephalus,2
Green Spire,2019-10-19,Lasioglossum,1
Green Spire,2019-10-19,Lepidoptera,2
Green Spire,2019-10-19,Macropis,1
Green Spire,2019-10-19,Pseudopanurgus,1
Green Spire,2019-10-19,Syrphidae,7
Green Spire,2019-10-19,Wasp,1
Green Spire,2020-08-21,Apis_mellifera,1
Green Spire,2020-08-24,Apis_dorsata,1
Green Spire,2020-08-24,Apis_mellifera,2
Green Spire,2020-08-24,Ceratina,1
Green Spire,2020-08-24,Hylaeus,1
Green Spire,2020-08-24,Meliponini,1
Green Spire,2020-08-24,Syrphidae,1
Green Spire,2020-08-26,Apis_mellifera,4
Green Spire,2020-08-28,Apis_mellifera,5
Green Spire,2020-08-28,Bombus_impatiens,3
Green Spire,2020-08-28,Bombus_vagans_sandersoni,1
Green Spire,2020-08-28,Diptera,1
Green Spire,2020-08-28,Wasp,2
Green Spire,2020-08-31,Apis_mellifera,3
Green Spire,2020-09-02,Apis_mellifera,8
Green Spire,2020-09-02,Bombus_impatiens,2
Green Spire,2020-09-02,Diptera,1
Green Spire,2020-09-02,Wasp,3
Green Spire,2020-09-14,Apis_mellifera,4
Green Spire,2020-09-14,Bombus_impatiens,3
Green Spire,2020-09-14,Diptera,1
Green Spire,2020-09-14,Lepidoptera,1
Green Spire,2020-09-14,Syrphidae,2
Green Spire,2020-09-14,Wasp,10
Green Spire,2020-09-18,Apis_mellifera,3
Green Spire,2020-09-18,Lepidoptera,2
Green Spire,2020-09-21,Apis_mellifera,2
Green Spire,2020-09-21,Coleoptera,1
Green Spire,2020-09-21,Diptera,1
Green Spire,2020-09-21,Lepidoptera,1
Green Spire,2020-09-21,Syrphidae,2
Green Spire,2020-09-21,Wasp,7
Green Spire,2020-09-23,Apis_mellifera,4
Green Spire,2020-09-23,Diptera,4
Green Spire,2020-09-23,Wasp,2
Green Spire,2020-09-25,Apis_mellifera,5
Green Spire,2020-09-25,Augochlora,1
Green Spire,2020-09-25,Halictus,1
Green Spire,2020-09-25,Lasioglossum,1
Green Spire,2020-09-25,Lepidoptera,2
Green Spire,2020-09-25,Wasp,3
Green Spire,2020-09-28,Apis_mellifera,1
Green Spire,2020-09-28,Syrphidae,2
Green Spire,2020-10-07,Wasp,2
Green Spire,2020-10-09,Halictus_tripartitus,1
Green Spire,2020-10-09,Lasioglossum,2
Green Spire,2020-10-09,Wasp,1
Green Spire,2020-10-14,Apis_mellifera,3
Green Spire,2021-08-05,Apis_mellifera,2
Green Spire,2021-08-10,Apis_mellifera,2
Green Spire,2021-08-10,Lasioglossum,1
Green Spire,2021-08-10,Wasp,3
Green Spire,2021-08-12,Apis_mellifera,3
Green Spire,2021-08-12,Coleoptera,1
Green Spire,2021-08-12,Lepidoptera,3
Green Spire,2021-08-12,Meliponini,1
Green Spire,2021-08-12,Wasp,1
Green Spire,2021-08-17,Apis_mellifera,1
Green Spire,2021-08-17,Bombus_affinis,4
Green Spire,2021-08-17,Bombus_citrinus,2
Green Spire,2021-08-17,Bombus_impatiens,7
Green Spire,2021-08-19,Apis_mellifera,2
Green Spire,2021-08-19,Bombus_impatiens,12
Green Spire,2021-08-19,Bombus_vagans_sandersoni,1
Green Spire,2021-08-19,Coleoptera,4
Green Spire,2021-08-19,Syrphidae,1
Green Spire,2021-08-19,Wasp,5
Honey Comb,2019-08-19,Coleoptera,2
Honey Comb,2019-08-23,Apis_mellifera,10
Honey Comb,2019-08-23,Bombus_impatiens,17
Honey Comb,2019-08-23,Wasp,1
Honey Comb,2019-08-28,Apis_mellifera,12
Honey Comb,2019-08-28,Bombus_impatiens,16
Honey Comb,2019-08-28,Lepidoptera,16
Honey Comb,2019-08-28,Wasp,3
Honey Comb,2019-08-29,Apis_mellifera,1
Honey Comb,2019-08-29,Bombus_impatiens,6
Honey Comb,2019-08-29,Osmia_bicornis,1
Honey Comb,2019-08-29,Wasp,3
Honey Comb,2019-08-30,Apis_mellifera,13
Honey Comb,2019-08-30,Bombus_griseocollis,3
Honey Comb,2019-08-30,Bombus_impatiens,90
Honey Comb,2019-08-30,Wasp,2
Honey Comb,2019-09-05,Bombus_impatiens,3
Honey Comb,2019-09-05,Leioproctus,1
Honey Comb,2019-09-05,Syrphidae,1
Honey Comb,2019-09-05,Wasp,4
Honey Comb,2019-09-05,Xylocopa_tabaniformis,1
Honey Comb,2019-09-19,Apis_mellifera,2
Honey Comb,2019-09-19,Bombus_bimaculatus,1
Honey Comb,2019-09-19,Bombus_impatiens,8
Honey Comb,2019-09-19,Bombus_vagans_sandersoni,1
Honey Comb,2019-10-19,Bombus_impatiens,2
Honey Comb,2019-10-19,Coleoptera,2
Honey Comb,2019-10-19,Lepidoptera,1
Honey Comb,2019-10-19,Wasp,1
Honey Comb,2020-08-19,Apis_mellifera,2
Honey Comb,2020-08-19,Diptera,3
Honey Comb,2020-08-19,Syrphidae,2
Honey Comb,2020-08-19,Wasp,9
Honey Comb,2020-08-21,Apis_mellifera,3
Honey Comb,2020-08-21,Wasp,2
Honey Comb,2020-08-26,Apis_mellifera,3
Honey Comb,2020-08-26,Bombus_impatiens,4
Honey Comb,2020-08-28,Apis_mellifera,2
Honey Comb,2020-08-28,Bombus_impatiens,4
Honey Comb,2020-08-28,Wasp,1
Honey Comb,2020-08-31,Apis_mellifera,2
Honey Comb,2020-08-31,Diptera,2
Honey Comb,2020-08-31,Wasp,4
Honey Comb,2020-09-02,Apis_mellifera,3
Honey Comb,2020-09-02,Bombus_impatiens,4
Honey Comb,2020-09-02,Diptera,1
Honey Comb,2020-09-02,Habropoda,1
Honey Comb,2020-09-02,Lepidoptera,1
Honey Comb,2020-09-02,Wasp,2
Honey Comb,2021-08-10,Apis_mellifera,1
Honey Comb,2021-08-10,Bombus_griseocollis,1
Honey Comb,2021-08-10,Bombus_impatiens,2
Honey Comb,2021-08-10,Coleoptera,1
Honey Comb,2021-08-10,Diptera,1
Honey Comb,2021-08-10,Hylaeus_modestus,1
Honey Comb,2021-08-10,Lepidoptera,1
Honey Comb,2021-08-10,Syrphidae,1
Honey Comb,2021-08-10,Wasp,17
Honey Comb,2021-08-12,Apis_mellifera,1
Honey Comb,2021-08-12,Bombus_impatiens,2
Honey Comb,2021-08-12,Wasp,6
Honey Comb,2021-08-12,Xylocopa_virginica,1
Honey Comb,2021-08-19,Apis_mellifera,2
Honey Comb,2021-08-19,Bombus_citrinus,5
Kyushu,2019-09-19,Bombus_citrinus,1
Kyushu,2019-09-19,Bombus_impatiens,10
Kyushu,2019-09-19,Wasp,1
Kyushu,2019-09-23,Apis_mellifera,4
Kyushu,2019-09-23,Bombus_ephippiatus,1
Kyushu,2019-09-23,Coleoptera,2
Kyushu,2019-09-23,Diptera,1
Kyushu,2019-09-23,Hylaeus_leptocephalus,1
Kyushu,2019-09-23,Lasioglossum,1
Kyushu,2019-09-23,Wasp,1
Kyushu,2019-09-24,Apis_mellifera,1
Kyushu,2019-09-24,Syrphidae,2
Kyushu,2019-09-26,Apis_mellifera,6
Kyushu,2019-09-26,Bombus_citrinus,1
Kyushu,2019-09-26,Bombus_flavidus,1
Kyushu,2019-09-26,Bombus_impatiens,4
Kyushu,2019-09-26,Bombus_vagans_sandersoni,1
Kyushu,2019-09-26,Coleoptera,4
Kyushu,2019-09-26,Lepidoptera,4
Kyushu,2019-09-30,Apis_mellifera,3
Kyushu,2019-09-30,Augochlora,1
Kyushu,2019-09-30,Augochloropsis,2
Kyushu,2019-09-30,Hylaeus,1
Kyushu,2019-09-30,Syrphidae,1
Kyushu,2019-09-30,Wasp,5
Kyushu,2019-10-08,Apis_mellifera,6
Kyushu,2019-10-08,Augochlora,4
Kyushu,2019-10-08,Augochloropsis,1
Kyushu,2019-10-08,Diptera,1
Kyushu,2019-10-08,Lepidoptera,1
Kyushu,2019-10-08,Syrphidae,3
Kyushu,2019-10-08,Wasp,6
Kyushu,2019-10-10,Apis_mellifera,5
Kyushu,2019-10-10,Augochlora,2
Kyushu,2019-10-10,Augochloropsis,1
Kyushu,2019-10-10,Lepidoptera,7
Kyushu,2019-10-10,Syrphidae,4
Kyushu,2019-10-10,Wasp,4
Kyushu,2019-10-14,Augochlora,4
Kyushu,2019-10-14,Syrphidae,10
Kyushu,2019-10-15,Apis_mellifera,10
Kyushu,2019-10-15,Augochlorella,1
Kyushu,2019-10-15,Augochloropsis,4
Kyushu,2019-10-15,Diptera,1
Kyushu,2019-10-15,Halictus_tripartitus,1
Kyushu,2019-10-15,Lasioglossum,2
Kyushu,2019-10-15,Syrphidae,33
Kyushu,2019-10-15,Wasp,4
Kyushu,2019-10-19,Bombus_bimaculatus,1
Kyushu,2019-10-19,Bombus_impatiens,3
Kyushu,2020-08-19,Apis_mellifera,1
Kyushu,2020-08-21,Apis_mellifera,4
Kyushu,2020-08-24,Halictus_ligatus,1
Kyushu,2020-08-24,Halictus_tripartitus,1
Kyushu,2020-08-24,Lasioglossum,1
Kyushu,2020-08-26,Apis_mellifera,2
Kyushu,2020-08-26,Coleoptera,6
Kyushu,2020-08-26,Syrphidae,2
Kyushu,2020-08-26,Wasp,1
Kyushu,2020-08-28,Apis_mellifera,2
Kyushu,2020-08-28,Diptera,1
Kyushu,2020-08-28,Hylaeus,1
Kyushu,2020-08-28,Lasioglossum,1
Kyushu,2020-08-28,Stelis,1
Kyushu,2020-08-28,Syrphidae,1
Kyushu,2020-08-28,Wasp,5
Kyushu,2020-09-02,Apis_mellifera,2
Kyushu,2020-09-02,Diptera,3
Kyushu,2020-09-02,Halictus,2
Kyushu,2020-09-14,Apis_mellifera,3
Kyushu,2020-09-14,Diptera,1
Kyushu,2020-09-14,Wasp,7
Kyushu,2020-09-18,Apis_mellifera,3
Kyushu,2020-09-18,Coleoptera,1
Kyushu,2020-09-18,Diptera,2
Kyushu,2020-09-23,Apis_mellifera,3
Kyushu,2020-09-23,Lasioglossum,1
Kyushu,2020-09-25,Apis_mellifera,4
Kyushu,2020-09-25,Diptera,5
Kyushu,2020-09-28,Andrena,1
Kyushu,2020-09-28,Diptera,1
Kyushu,2020-09-28,Syrphidae,1
Kyushu,2020-09-28,Wasp,2
Kyushu,2020-09-30,Diptera,2
Kyushu,2020-10-09,Apis_mellifera,1
Kyushu,2020-10-09,Wasp,1
Kyushu,2020-10-21,Apis_mellifera,2
Kyushu,2021-08-05,Apis_mellifera,3
Late,2019-09-23,Apis_mellifera,4
Late,2019-09-23,Bombus_griseocollis,1
Late,2019-09-23,Bombus_impatiens,1
Late,2019-09-23,Diptera,1
Late,2019-09-23,Halictus_tripartitus,1
Late,2019-09-23,Syrphidae,5
Late,2019-09-23,Wasp,4
Late,2019-09-24,Apis_mellifera,2
Late,2019-09-24,Bombus_impatiens,1
Late,2019-09-24,Bombus_vagans_sandersoni,1
Late,2019-09-24,Coleoptera,2
Late,2019-09-26,Augochlora,2
Late,2019-09-26,Bombus_impatiens,2
Late,2019-09-26,Lepidoptera,3
Late,2019-09-30,Apis_mellifera,1
Late,2019-09-30,Halictus,1
Late,2019-09-30,Lasioglossum,1
Late,2019-09-30,Wasp,1
Late,2019-10-08,Anthidium_florentinum,1
Late,2019-10-08,Apis_mellifera,4
Late,2019-10-08,Augochlora,4
Late,2019-10-08,Augochlorella,1
Late,2019-10-08,Meliponini,1
Late,2019-10-08,Syrphidae,4
Late,2019-10-08,Wasp,1
Late,2019-10-10,Augochlora,2
Late,2019-10-15,Coleoptera,3
Late,2019-10-19,Anthophora_abrupta,1
Late,2019-10-19,Apis_mellifera,2
Late,2019-10-19,Bombus_bimaculatus,1
Late,2019-10-19,Bombus_griseocollis,1
Late,2019-10-19,Bombus_impatiens,20
Late,2019-10-19,Coleoptera,2
Late,2019-10-19,Lepidoptera,7
Late,2020-07-10,Coleoptera,2
Late,2020-07-10,Syrphidae,3
Late,2020-08-31,Apis_mellifera,2
Late,2020-08-31,Diptera,1
Late,2020-09-02,Diptera,2
Late,2020-09-02,Osmia,1
Late,2020-09-02,Wasp,5
Late,2020-09-14,Apis_mellifera,1
Late,2020-09-14,Bombus_crotchii,1
Late,2020-09-14,Syrphidae,3
Late,2020-09-14,Wasp,4
Late,2020-09-18,Apis_mellifera,1
Late,2020-09-18,Wasp,2
Late,2020-09-21,Apis_mellifera,4
Late,2020-09-21,Augochlora,3
Late,2020-09-21,Coleoptera,2
Late,2020-09-21,Wasp,4
Late,2020-09-23,Apis_mellifera,3
Late,2020-09-23,Augochlora,5
Late,2020-09-23,Ceratina,2
Late,2020-09-23,Coleoptera,1
Late,2020-09-23,Diptera,3
Late,2020-09-23,Syrphidae,1
Late,2020-09-23,Wasp,3
Late,2020-09-25,Apis_mellifera,2
Late,2020-09-25,Coleoptera,2
Late,2020-09-25,Diptera,1
Late,2020-09-25,Lasioglossum,1
Late,2020-09-25,Perdita,1
Late,2020-09-25,Syrphidae,1
Late,2020-09-25,Wasp,5
Late,2020-09-30,Bombus_impatiens,1
Late,2020-09-30,Syrphidae,1
Late,2020-10-02,Diptera,1
Late,2020-10-07,Apis_mellifera,3
Late,2020-10-07,Augochlorella,1
Late,2020-10-07,Wasp,1
Late,2020-10-09,Apis_mellifera,1
Late,2020-10-09,Augochlora,1
Late,2020-10-09,Diptera,3
Late,2020-10-09,Lasioglossum,3
Late,2020-10-09,Lepidoptera,1
Late,2020-10-14,Apis_mellifera,5
Late,2020-10-14,Diptera,6
Late,2020-10-14,Lepidoptera,1
Late,2020-10-14,Syrphidae,1
Late,2020-10-14,Wasp,5
Late,2020-10-16,Apis_mellifera,2
Late,2020-10-16,Diptera,2
Late,2020-10-21,Apis_mellifera,1
Late,2020-10-21,Diptera,2
Late,2020-10-21,Perdita,1
Late,2021-08-17,Apis_mellifera,2
Late,2021-08-19,Apis_mellifera,2
Late,2021-08-19,Ceratina,1
Limelight,2019-08-29,Apis_mellifera,1
Limelight,2019-08-29,Bombus_impatiens,1
Limelight,2019-09-19,Bombus_impatiens,1
Limelight,2020-08-26,Apis_mellifera,2
Limelight,2020-08-28,Apis_mellifera,2
Limelight,2020-08-28,Wasp,1
Limelight,2020-08-31,Halictus_scabiosae,1
Limelight,2020-09-02,Bombus_bimaculatus,1
Limelight,2020-09-02,Bombus_rufocinctus,1
Limelight,2020-09-30,Corynura,1
Limelight,2020-09-30,Diptera,2
Limelight,2020-09-30,Syrphidae,1
Limelight,2021-08-12,Bombus_affinis,2
Limelight,2021-08-12,Bombus_impatiens,2
Limelight,2021-08-12,Wasp,8
Limelight,2021-08-17,Bombus_impatiens,7
Limelight,2021-08-17,Wasp,5
Limelight,2021-08-19,Bombus_bimaculatus,1
Limelight,2021-08-19,Bombus_impatiens,4
Little Lamb,2019-08-23,Bombus_bimaculatus,1
Little Lamb,2019-08-23,Bombus_impatiens,13
Little Lamb,2019-08-23,Meliponini,1
Little Lamb,2019-08-23,Wasp,3
Little Lamb,2019-08-28,Bombus_impatiens,2
Little Lamb,2019-08-28,Coleoptera,7
Little Lamb,2019-08-29,Apis_mellifera,5
Little Lamb,2019-08-29,Bombus_impatiens,2
Little Lamb,2019-08-29,Coleoptera,8
Little Lamb,2019-10-19,Bombus_citrinus,1
Little Lamb,2019-10-19,Bombus_funebris,1
Little Lamb,2019-10-19,Bombus_impatiens,3
Little Lamb,2019-10-19,Bombus_melanopygus,1
Little Lamb,2019-10-19,Habropoda,1
Little Lamb,2020-08-19,Apis_mellifera,2
Little Lamb,2020-09-18,Wasp,2
Little Lamb,2021-08-05,Bombus_bimaculatus,1
Little Lamb,2021-08-05,Bombus_impatiens,2
Little Lamb,2021-08-05,Hylaeus,1
Little Lime,2021-08-05,Lepidoptera,1
Little Quick Fire,2019-07-22,Diptera,1
Little Quick Fire,2019-07-22,Halictus_tripartitus,1
Little Quick Fire,2019-07-22,Wasp,1
Little Quick Fire,2019-08-23,Bombus_affinis,7
Little Quick Fire,2019-08-29,Apis_mellifera,2
Little Quick Fire,2019-08-29,Coleoptera,1
Little Quick Fire,2019-08-29,Lepidoptera,2
Little Quick Fire,2019-08-29,Wasp,3
Little Quick Fire,2019-09-24,Andrena_cineraria,1
Little Quick Fire,2019-09-24,Bombus_citrinus,1
Little Quick Fire,2019-09-24,Bombus_vosnesenskii,1
Little Quick Fire,2019-09-24,Syrphidae,1
Little Quick Fire,2019-09-26,Apis_mellifera,3
Little Quick Fire,2019-09-26,Bombus_impatiens,2
Little Quick Fire,2019-09-26,Syrphidae,3
Little Quick Fire,2019-09-30,Augochlora,2
Little Quick Fire,2019-09-30,Augochloropsis,1
Little Quick Fire,2019-09-30,Diptera,1
Little Quick Fire,2019-09-30,Halictus_ligatus,1
Little Quick Fire,2019-09-30,Hylaeus,1
Little Quick Fire,2019-09-30,Lasioglossum,3
Little Quick Fire,2019-09-30,Ruizantheda,1
Little Quick Fire,2019-09-30,Wasp,3
Little Quick Fire,2019-10-08,Bombus_impatiens,5
Little Quick Fire,2019-10-08,Diptera,1
Little Quick Fire,2019-10-08,Syrphidae,1
Little Quick Fire,2019-10-10,Augochlora,1
Little Quick Fire,2019-10-19,Syrphidae,1
Little Quick Fire,2020-08-19,Apis_mellifera,3
Little Quick Fire,2020-08-19,Coleoptera,1
Little Quick Fire,2020-08-19,Halictus_tripartitus,1
Little Quick Fire,2020-08-19,Hylaeus,1
Little Quick Fire,2020-08-19,Hylaeus_modestus,1
Little Quick Fire,2020-08-19,Lasioglossum,2
Little Quick Fire,2020-08-19,Sphecodes,1
Little Quick Fire,2020-08-21,Apis_mellifera,4
Little Quick Fire,2020-08-21,Ceratina,1
Little Quick Fire,2020-08-21,Hylaeus,1
Little Quick Fire,2020-08-26,Coleoptera,1
Little Quick Fire,2020-08-26,Lasioglossum,2
Little Quick Fire,2020-08-28,Apis_mellifera,1
Little Quick Fire,2020-08-28,Bombus_impatiens,3
Little Quick Fire,2020-08-28,Hylaeus,1
Little Quick Fire,2020-08-28,Wasp,3
Little Quick Fire,2020-09-02,Bombus_impatiens,2
Little Quick Fire,2020-09-02,Wasp,8
Little Quick Fire,2020-09-21,Apis_mellifera,2
Little Quick Fire,2020-09-21,Syrphidae,1
Little Quick Fire,2020-09-21,Wasp,1
Little Quick Fire,2021-07-15,Bombus_affinis,5
Little Quick Fire,2021-07-15,Bombus_hypocrita,1
Little Quick Fire,2021-07-15,Bombus_robustus,1
Little Quick Fire,2021-07-16,Bombus_impatiens,3
Little Quick Fire,2021-07-16,Diptera,2
Little Quick Fire,2021-07-16,Halictus_tripartitus,2
Little Quick Fire,2021-08-05,Apis_mellifera,3
Little Quick Fire,2021-08-05,Bombus_affinis,5
Little Quick Fire,2021-08-05,Bombus_bimaculatus,1
Little Quick Fire,2021-08-05,Bombus_impatiens,9
Little Quick Fire,2021-08-05,Coleoptera,2
Little Quick Fire,2021-08-05,Hylaeus,1
Mega Mindy,2019-08-23,Apis_mellifera,2
Mega Mindy,2019-08-23,Bombus_impatiens,2
Mega Mindy,2019-09-05,Bombus_impatiens,2
Mega Mindy,2020-08-19,Apis_mellifera,4
Mega Mindy,2020-08-19,Wasp,2
Mega Mindy,2020-08-21,Apis_mellifera,2
Mega Mindy,2020-08-21,Diptera,2
Mega Mindy,2020-08-26,Apis_mellifera,3
Mega Mindy,2020-08-26,Lasioglossum,2
Mega Mindy,2020-08-28,Apis_mellifera,5
Mega Mindy,2020-08-28,Diptera,4
Mega Mindy,2020-09-02,Diptera,1
Mega Mindy,2020-09-02,Wasp,3
Mega Pearl,2019-08-23,Apis_mellifera,1
Mega Pearl,2019-08-23,Bombus_impatiens,14
Mega Pearl,2019-08-23,Wasp,3
Mega Pearl,2019-08-28,Apis_mellifera,1
Mega Pearl,2019-08-28,Bombus_impatiens,13
Mega Pearl,2019-08-28,Pseudopanurgus,1
Mega Pearl,2019-08-28,Wasp,1
Mega Pearl,2019-08-29,Anthophora_abrupta,1
Mega Pearl,2019-08-29,Bombus_impatiens,10
Mega Pearl,2019-09-05,Bombus_impatiens,9
Mega Pearl,2019-09-19,Apis_mellifera,6
Mega Pearl,2019-09-19,Bombus_impatiens,9
Mega Pearl,2019-09-26,Wasp,5
Mega Pearl,2019-09-30,Apis_mellifera,4
Mega Pearl,2019-09-30,Syrphidae,1
Mega Pearl,2019-10-08,Hylaeus,1
Mega Pearl,2019-10-08,Sphecodes,2
Mega Pearl,2019-10-10,Coleoptera,1
Mega Pearl,2019-10-19,Apis_mellifera,1
Mega Pearl,2019-10-19,Bombus_impatiens,16
Mega Pearl,2020-08-19,Apis_mellifera,8
Mega Pearl,2020-08-21,Apis_mellifera,6
Mega Pearl,2020-08-26,Apis_mellifera,3
Mega Pearl,2020-08-26,Bombus_citrinus,5
Mega Pearl,2020-08-26,Halictus,2
Mega Pearl,2020-08-28,Apis_mellifera,2
Mega Pearl,2020-08-28,Bombus_impatiens,6
Mega Pearl,2020-08-28,Diptera,3
Mega Pearl,2020-08-28,Wasp,4
Mega Pearl,2020-08-31,Apis_mellifera,1
Mega Pearl,2020-08-31,Diptera,3
Mega Pearl,2020-08-31,Hylaeus,1
Mega Pearl,2020-09-02,Apis_mellifera,2
Mega Pearl,2020-09-02,Bombus_impatiens,1
Mega Pearl,2020-09-02,Syrphidae,1
Mega Pearl,2020-09-18,Diptera,2
Mega Pearl,2020-09-18,Wasp,2
Mega Pearl,2020-09-25,Syrphidae,1
Mega Pearl,2021-08-10,Apis_mellifera,2
Mega Pearl,2021-08-12,Apis_mellifera,2
Mega Pearl,2021-08-19,Apis_mellifera,3
Mega Pearl,2021-08-19,Bombus_impatiens,2
Mega Pearl,2021-08-19,Coleoptera,2
Phantom,2019-09-05,Bombus_impatiens,8
Phantom,2019-09-05,Lepidoptera,1
Phantom,2019-09-19,Bombus_impatiens,2
Phantom,2019-09-19,Wasp,3
Phantom,2020-08-19,Apis_mellifera,2
Phantom,2020-08-21,Apis_mellifera,2
Phantom,2020-08-26,Apis_mellifera,5
Phantom,2020-08-26,Bombus_impatiens,2
Phantom,2020-08-26,Diptera,2
Phantom,2020-08-28,Apis_mellifera,4
Phantom,2020-08-28,Bombus_citrinus,1
Phantom,2020-08-28,Wasp,1
Phantom,2020-08-31,Wasp,2
Phantom,2020-09-02,Apis_mellifera,4
Phantom,2020-09-02,Wasp,6
Phantom,2021-08-12,Bombus_impatiens,1
Phantom,2021-08-12,Wasp,2
Phantom,2021-08-17,Apis_mellifera,1
Phantom,2021-08-19,Apis_mellifera,1
Phantom,2021-08-19,Bombus_impatiens,1
Phantom,2021-08-19,Bombus_melanopygus,1
Phantom,2021-08-19,Coleoptera,3
Pillow Talk,2020-08-28,Diptera,2
Pillow Talk,2020-10-14,Coleoptera,1
Pillow Talk,2020-10-14,Diptera,3
Pillow Talk,2020-10-14,Syrphidae,1
Pink Diamond,2019-08-23,Apis_mellifera,8
Pink Diamond,2019-08-23,Bombus_bimaculatus,1
Pink Diamond,2019-08-23,Bombus_impatiens,14
Pink Diamond,2019-08-29,Apis_mellifera,3
Pink Diamond,2019-08-29,Bombus_impatiens,2
Pink Diamond,2019-08-29,Lepidoptera,2
Pink Diamond,2019-08-29,Syrphidae,1
Pink Diamond,2019-08-30,Apis_mellifera,7
Pink Diamond,2019-08-30,Bombus_impatiens,5
Pink Diamond,2019-08-30,Bombus_rufocinctus,1
Pink Diamond,2019-08-30,Wasp,3
Pink Diamond,2019-09-05,Wasp,6
Pink Diamond,2019-10-19,Bombus_impatiens,7
Pink Diamond,2019-10-19,Diptera,1
Pink Diamond,2019-10-19,Lepidoptera,1
Pink Diamond,2020-08-19,Apis_mellifera,3
Pink Diamond,2020-08-21,Apis_mellifera,2
Pink Diamond,2020-08-21,Wasp,1
Pink Diamond,2020-08-26,Apis_mellifera,4
Pink Diamond,2020-08-26,Wasp,2
Pink Diamond,2020-08-28,Apis_mellifera,5
Pink Diamond,2020-09-02,Apis_mellifera,2
Pink Diamond,2020-09-02,Diptera,2
Pink Diamond,2020-09-02,Syrphidae,1
Pink Diamond,2020-09-02,Wasp,8
Pink Diamond,2020-09-14,Apis_mellifera,2
Pink Diamond,2020-09-14,Halictus_tripartitus,1
Pink Diamond,2020-09-14,Lasioglossum,1
Pink Diamond,2020-09-14,Wasp,2
Pink Diamond,2020-09-18,Coleoptera,1
Pink Diamond,2020-09-18,Epeolus,1
Pink Diamond,2020-09-18,Syrphidae,1
Pink Diamond,2020-09-21,Apis_mellifera,2
Pink Diamond,2020-09-25,Apis_mellifera,1
Pink Diamond,2021-08-02,Apis_mellifera,4
Pink Diamond,2021-08-02,Bombus_affinis,1
Pink Diamond,2021-08-02,Bombus_impatiens,3
Pink Diamond,2021-08-05,Apis_mellifera,3
Pink Diamond,2021-08-05,Bombus_impatiens,3
Pink Diamond,2021-08-05,Coleoptera,1
Pink Diamond,2021-08-05,Diptera,1
Pink Diamond,2021-08-05,Wasp,1
Pink Diamond,2021-08-10,Apis_mellifera,1
Pink Diamond,2021-08-10,Bombus_impatiens,1
Pink Diamond,2021-08-12,Bombus_affinis,3
Pink Diamond,2021-08-12,Bombus_impatiens,1
Pink Diamond,2021-08-12,Coleoptera,1
Pink Diamond,2021-08-12,Diptera,1
Pink Diamond,2021-08-12,Wasp,3
Pink Diamond,2021-08-12,Xylocopa_virginica,3
Pink Diamond,2021-08-17,Apis_mellifera,2
Pink Diamond,2021-08-17,Bombus_crotchii,1
Pink Diamond,2021-08-17,Xylocopa_latipes,1
Pink Diamond,2021-08-19,Apis_mellifera,7
Pink Diamond,2021-08-19,Augochloropsis,2
Pink Diamond,2021-08-19,Diptera,2
Pink Diamond,2021-08-19,Halictus_tripartitus,2
Pink Diamond,2021-08-19,Wasp,3
Pink Lady,2020-08-31,Wasp,2
Pinky Winky,2019-08-23,Apis_mellifera,13
Pinky Winky,2019-08-23,Bombus_griseocollis,1
Pinky Winky,2019-08-23,Bombus_impatiens,5
Pinky Winky,2019-08-23,Lepidoptera,1
Pinky Winky,2019-08-28,Apis_mellifera,20
Pinky Winky,2019-08-28,Bombus_impatiens,15
Pinky Winky,2019-08-28,Halictus,5
Pinky Winky,2019-08-28,Halictus_tripartitus,1
Pinky Winky,2019-08-28,Lepidoptera,4
Pinky Winky,2019-08-28,Wasp,4
Pinky Winky,2019-08-29,Apis_mellifera,25
Pinky Winky,2019-08-29,Wasp,5
Pinky Winky,2019-08-30,Apis_mellifera,46
Pinky Winky,2019-08-30,Bombus_impatiens,6
Pinky Winky,2019-08-30,Colletes_hederae,1
Pinky Winky,2019-08-30,Nomada,1
Pinky Winky,2019-08-30,Wasp,8
Pinky Winky,2019-09-05,Anthophora_abrupta,1
Pinky Winky,2019-09-05,Apis_mellifera,7
Pinky Winky,2019-09-05,Bombus_bimaculatus,1
Pinky Winky,2019-09-05,Bombus_impatiens,59
Pinky Winky,2019-09-05,Diptera,1
Pinky Winky,2019-09-05,Ptilothrix,1
Pinky Winky,2019-09-05,Wasp,1
Pinky Winky,2019-09-19,Apis_mellifera,8
Pinky Winky,2019-09-19,Bombus_impatiens,29
Pinky Winky,2019-09-19,Wasp,2
Pinky Winky,2019-09-23,Apis_mellifera,14
Pinky Winky,2019-09-23,Coleoptera,4
Pinky Winky,2019-09-23,Diptera,6
Pinky Winky,2019-09-23,Stelis,1
Pinky Winky,2019-09-23,Wasp,18
Pinky Winky,2019-09-24,Apis_mellifera,9
Pinky Winky,2019-09-24,Augochloropsis,1
Pinky Winky,2019-09-24,Bombus_impatiens,8
Pinky Winky,2019-09-24,Diptera,1
Pinky Winky,2019-09-24,Halictus_tripartitus,1
Pinky Winky,2019-09-24,Lasioglossum,1
Pinky Winky,2019-09-24,Syrphidae,2
Pinky Winky,2019-09-24,Wasp,8
Pinky Winky,2019-09-26,Apis_mellifera,21
Pinky Winky,2019-09-26,Bombus_impatiens,2
Pinky Winky,2019-09-26,Coleoptera,1
Pinky Winky,2019-09-26,Syrphidae,5
Pinky Winky,2019-09-26,Wasp,2
Pinky Winky,2019-09-26,Xylocopa_virginica,1
Pinky Winky,2019-09-30,Apis_mellifera,10
Pinky Winky,2019-09-30,Lasioglossum,1
Pinky Winky,2019-09-30,Syrphidae,6
Pinky Winky,2019-09-30,Wasp,4
Pinky Winky,2019-10-08,Apis_mellifera,1
Pinky Winky,2019-10-08,Halictus_tripartitus,1
Pinky Winky,2019-10-08,Hylaeus,1
Pinky Winky,2019-10-08,Syrphidae,2
Pinky Winky,2019-10-10,Augochlora,1
Pinky Winky,2019-10-10,Augochloropsis,1
Pinky Winky,2019-10-10,Coleoptera,5
Pinky Winky,2019-10-10,Halictus_rubicundus,1
Pinky Winky,2019-10-10,Lasioglossum,5
Pinky Winky,2019-10-10,Syrphidae,4
Pinky Winky,2019-10-14,Apis_mellifera,4
Pinky Winky,2019-10-15,Coleoptera,8
Pinky Winky,2019-10-15,Syrphidae,1
Pinky Winky,2019-10-19,Bombus_impatiens,30
Pinky Winky,2019-10-19,Wasp,3
Pinky Winky,2020-08-19,Apis_mellifera,5
Pinky Winky,2020-08-19,Coleoptera,1
Pinky Winky,2020-08-19,Syrphidae,4
Pinky Winky,2020-08-26,Bombus_impatiens,3
Pinky Winky,2020-08-26,Coleoptera,3
Pinky Winky,2020-08-26,Diptera,1
Pinky Winky,2020-08-26,Lasioglossum,1
Pinky Winky,2020-08-26,Wasp,1
Pinky Winky,2020-08-28,Apis_mellifera,6
Pinky Winky,2020-08-28,Diptera,1
Pinky Winky,2020-08-28,Wasp,2
Pinky Winky,2020-08-31,Diptera,10
Pinky Winky,2020-08-31,Lepidoptera,1
Pinky Winky,2020-08-31,Wasp,1
Pinky Winky,2020-09-02,Apis_mellifera,4
Pinky Winky,2020-09-02,Bombus_bimaculatus,1
Pinky Winky,2020-09-02,Bombus_impatiens,1
Pinky Winky,2020-09-02,Wasp,3
Pinky Winky,2020-09-16,Diptera,1
Pinky Winky,2020-09-16,Syrphidae,2
Pinky Winky,2020-09-16,Wasp,4
Pinky Winky,2020-09-18,Apis_mellifera,9
Pinky Winky,2020-09-18,Diptera,2
Pinky Winky,2020-09-18,Wasp,3
Pinky Winky,2020-09-21,Apis_mellifera,1
Pinky Winky,2020-09-23,Apis_mellifera,2
Pinky Winky,2020-09-23,Ceratina,1
Pinky Winky,2020-09-23,Diptera,2
Pinky Winky,2020-09-25,Apis_mellifera,1
Pinky Winky,2020-09-25,Diptera,1
Pinky Winky,2021-08-02,Apis_mellifera,2
Pinky Winky,2021-08-02,Bombus_citrinus,2
Pinky Winky,2021-08-05,Apis_mellifera,2
Pinky Winky,2021-08-05,Wasp,3
Pinky Winky,2021-08-10,Apis_mellifera,5
Pinky Winky,2021-08-10,Bombus_bimaculatus,1
Pinky Winky,2021-08-10,Syrphidae,1
Pinky Winky,2021-08-10,Wasp,4
Pinky Winky,2021-08-12,Apis_mellifera,4
Pinky Winky,2021-08-12,Bombus_affinis,1
Pinky Winky,2021-08-12,Wasp,8
Pinky Winky,2021-08-19,Apis_mellifera,3
Pinky Winky,2021-08-19,Diptera,1
Pinky Winky,2021-08-19,Hylaeus_leptocephalus,1
Pinky Winky,2021-08-19,Meliponini,1
Pinky Winky,2021-08-19,Wasp,3
Polar Ball,2020-08-19,Apis_mellifera,1
Polar Ball,2020-08-19,Coleoptera,2
Polar Ball,2020-08-21,Apis_mellifera,3
Polar Ball,2020-08-21,Wasp,2
Polar Ball,2020-08-26,Apis_mellifera,3
Polar Ball,2020-08-28,Apis_mellifera,2
Polar Ball,2020-08-28,Diptera,1
Polar Ball,2020-08-28,Wasp,6
Polar Ball,2020-09-02,Wasp,3
Polar Ball,2020-09-18,Apis_mellifera,3
Polar Ball,2020-09-21,Apis_mellifera,2
Polar Ball,2020-09-21,Coleoptera,1
Polar Ball,2020-09-21,Diptera,1
Polar Ball,2020-09-21,Syrphidae,1
Polar Ball,2020-09-21,Wasp,2
Polar Ball,2020-09-23,Apis_mellifera,3
Polar Ball,2021-08-12,Wasp,1
Quick Fire,2019-07-12,Coleoptera,2
Quick Fire,2019-07-17,Anthidium,1
Quick Fire,2019-07-17,Anthidium_oblongatum,1
Quick Fire,2019-07-17,Coleoptera,2
Quick Fire,2019-07-17,Syrphidae,1
Quick Fire,2019-07-18,Apis_mellifera,6
Quick Fire,2019-07-18,Coleoptera,1
Quick Fire,2019-07-18,Diptera,2
Quick Fire,2019-07-18,Stelis,1
Quick Fire,2019-07-18,Syrphidae,2
Quick Fire,2019-07-18,Wasp,4
Quick Fire,2019-07-19,Apis_mellifera,9
Quick Fire,2019-07-19,Coleoptera,4
Quick Fire,2019-07-19,Diptera,7
Quick Fire,2019-07-19,Hylaeus_modestus,1
Quick Fire,2019-07-19,Lepidoptera,2
Quick Fire,2019-07-19,Syrphidae,2
Quick Fire,2019-07-19,Wasp,5
Quick Fire,2019-07-22,Coleoptera,6
Quick Fire,2019-07-22,Corynura,3
Quick Fire,2019-07-22,Diptera,1
Quick Fire,2019-07-22,Lasioglossum,1
Quick Fire,2019-07-22,Wasp,14
Quick Fire,2019-07-24,Diptera,4
Quick Fire,2019-07-26,Apis_mellifera,23
Quick Fire,2019-07-26,Coleoptera,1
Quick Fire,2019-07-26,Diptera,1
Quick Fire,2019-07-26,Wasp,2
Quick Fire,2019-07-31,Apis_dorsata,1
Quick Fire,2019-07-31,Apis_mellifera,51
Quick Fire,2019-07-31,Coleoptera,1
Quick Fire,2019-07-31,Diptera,1
Quick Fire,2019-07-31,Meliponini,1
Quick Fire,2019-07-31,Melitturga,1
Quick Fire,2019-07-31,Osmia,1
Quick Fire,2019-07-31,Wasp,18
Quick Fire,2019-08-02,Apis_mellifera,46
Quick Fire,2019-08-02,Wasp,5
Quick Fire,2019-08-07,Apis_mellifera,38
Quick Fire,2019-08-07,Bombus_bimaculatus,1
Quick Fire,2019-08-07,Bombus_impatiens,8
Quick Fire,2019-08-07,Coleoptera,2
Quick Fire,2019-08-07,Florilegus,1
Quick Fire,2019-08-07,Lasioglossum,1
Quick Fire,2019-08-07,Syrphidae,1
Quick Fire,2019-08-07,Wasp,40
Quick Fire,2019-08-07,Xylocopa,1
Quick Fire,2019-08-19,Apis_mellifera,30
Quick Fire,2019-08-19,Coleoptera,5
Quick Fire,2019-08-19,Halictus_scabiosae,1
Quick Fire,2019-08-19,Wasp,23
Quick Fire,2019-08-23,Coleoptera,1
Quick Fire,2019-08-23,Wasp,6
Quick Fire,2019-08-29,Bombus_impatiens,1
Quick Fire,2019-08-29,Coleoptera,2
Quick Fire,2019-09-05,Apis_mellifera,1
Quick Fire,2019-09-05,Bombus_impatiens,6
Quick Fire,2019-09-05,Coleoptera,2
Quick Fire,2019-09-05,Wasp,5
Quick Fire,2019-09-19,Coleoptera,1
Quick Fire,2019-09-19,Wasp,4
Quick Fire,2019-09-23,Apis_mellifera,1
Quick Fire,2019-09-23,Diptera,3
Quick Fire,2019-09-23,Wasp,3
Quick Fire,2019-09-24,Apis_mellifera,2
Quick Fire,2019-09-24,Wasp,3
Quick Fire,2019-10-08,Hylaeus,1
Quick Fire,2019-10-08,Syrphidae,2
Quick Fire,2019-10-10,Bombus_impatiens,5
Quick Fire,2019-10-10,Diptera,3
Quick Fire,2019-10-10,Wasp,5
Quick Fire,2019-10-14,Augochloropsis,1
Quick Fire,2019-10-14,Diadasia,1
Quick Fire,2019-10-14,Syrphidae,8
Quick Fire,2019-10-14,Wasp,4
Quick Fire,2019-10-15,Syrphidae,8
Quick Fire,2019-10-15,Wasp,4
Quick Fire,2019-10-19,Wasp,10
Quick Fire,2020-07-10,Syrphidae,4
Quick Fire,2020-07-10,Wasp,5
Quick Fire,2020-07-13,Wasp,3
Quick Fire,2020-07-20,Apis_mellifera,4
Quick Fire,2020-07-20,Coleoptera,3
Quick Fire,2020-07-20,Diptera,4
Quick Fire,2020-07-20,Wasp,1
Quick Fire,2020-07-27,Apis_mellifera,1
Quick Fire,2020-07-27,Coleoptera,1
Quick Fire,2020-07-27,Diptera,7
Quick Fire,2020-07-27,Meliponini,1
Quick Fire,2020-07-27,Syrphidae,2
Quick Fire,2020-07-27,Wasp,33
Quick Fire,2020-08-19,Apis_mellifera,16
Quick Fire,2020-08-19,Bombus_pensylvanicus,1
Quick Fire,2020-08-19,Ceylalictus,1
Quick Fire,2020-08-19,Coleoptera,2
Quick Fire,2020-08-19,Hylaeus,3
Quick Fire,2020-08-19,Hylaeus_leptocephalus,1
Quick Fire,2020-08-19,Lepidoptera,2
Quick Fire,2020-08-19,Wasp,16
Quick Fire,2020-08-19,Xylocopa_virginica,1
Quick Fire,2020-08-21,Apis_mellifera,5
Quick Fire,2020-08-21,Coleoptera,1
Quick Fire,2020-08-21,Halictus_tripartitus,1
Quick Fire,2020-08-21,Hylaeus,1
Quick Fire,2020-08-21,Wasp,20
Quick Fire,2020-08-26,Apis_mellifera,3
Quick Fire,2020-08-26,Hylaeus,1
Quick Fire,2020-08-26,Meliponini,2
Quick Fire,2020-08-26,Melissodes_bimaculatus,1
Quick Fire,2020-08-26,Pseudopanurgus,1
Quick Fire,2020-08-26,Wasp,4
Quick Fire,2020-08-28,Wasp,5
Quick Fire,2020-09-02,Coleoptera,1
Quick Fire,2020-09-02,Hylaeus,1
Quick Fire,2020-09-02,Wasp,6
Quick Fire,2020-09-18,Apis_mellifera,3
Quick Fire,2020-09-18,Diptera,1
Quick Fire,2020-09-18,Epeolus,1
Quick Fire,2020-09-18,Syrphidae,2
Quick Fire,2020-09-18,Wasp,13
Quick Fire,2020-09-21,Apis_mellifera,2
Quick Fire,2020-09-21,Wasp,3
Quick Fire,2020-09-23,Apis_mellifera,6
Quick Fire,2020-09-23,Coleoptera,1
Quick Fire,2020-09-25,Apis_mellifera,1
Quick Fire,2020-09-28,Diptera,6
Quick Fire,2020-09-30,Diptera,6
Quick Fire,2020-10-14,Coleoptera,1
Quick Fire,2020-10-14,Syrphidae,13
Quick Fire,2021-07-09,Coleoptera,2
Quick Fire,2021-07-09,Hylaeus,1
Quick Fire,2021-07-09,Lepidoptera,1
Quick Fire,2021-07-09,Meliponini,1
Quick Fire,2021-07-09,Wasp,3
Quick Fire,2021-07-15,Apis_mellifera,2
Quick Fire,2021-07-15,Coleoptera,6
Quick Fire,2021-07-15,Diptera,2
Quick Fire,2021-07-15,Nomada,1
Quick Fire,2021-07-15,Stelis,1
Quick Fire,2021-07-15,Syrphidae,4
Quick Fire,2021-07-15,Wasp,1
Quick Fire,2021-07-16,Hylaeus_modestus,4
Quick Fire,2021-07-16,Lepidoptera,3
Quick Fire,2021-08-02,Apis_mellifera,4
Quick Fire,2021-08-02,Bombus_affinis,2
Quick Fire,2021-08-02,Bombus_impatiens,6
Quick Fire,2021-08-02,Bombus_pauloensis,1
Quick Fire,2021-08-02,Hylaeus,1
Quick Fire,2021-08-02,Nomada,1
Quick Fire,2021-08-02,Wasp,16
Quick Fire,2021-08-05,Apis_mellifera,1
Quick Fire,2021-08-05,Bombus_ardens,1
Quick Fire,2021-08-05,Bombus_bimaculatus,1
Quick Fire,2021-08-05,Bombus_citrinus,5
Quick Fire,2021-08-05,Bombus_impatiens,13
Quick Fire,2021-08-05,Chelostoma,1
Quick Fire,2021-08-05,Coleoptera,2
Quick Fire,2021-08-05,Hylaeus_modestus,2
Quick Fire,2021-08-05,Lepidoptera,1
Quick Fire,2021-08-05,Meliponini,2
Quick Fire,2021-08-05,Perdita,1
Quick Fire,2021-08-05,Syrphidae,1
Quick Fire,2021-08-05,Wasp,15
Quick Fire,2021-08-10,Syrphidae,1
Quick Fire,2021-08-10,Wasp,4
Ruby,2019-08-23,Apis_florea,1
Ruby,2019-08-23,Wasp,1
Ruby,2019-09-05,Apis_mellifera,1
Ruby,2019-09-05,Bombus_impatiens,4
Ruby,2019-09-23,Apis_mellifera,6
Ruby,2019-09-24,Apis_mellifera,3
Ruby,2019-09-24,Wasp,2
Ruby,2019-09-30,Apis_mellifera,1
Ruby,2019-09-30,Syrphidae,5
Ruby,2019-10-08,Apis_mellifera,1
Ruby,2019-10-10,Diptera,2
Ruby,2019-10-10,Lasioglossum,1
Ruby,2019-10-10,Lepidoptera,1
Ruby,2019-10-10,Syrphidae,1
Ruby,2019-10-14,Apis_mellifera,4
Ruby,2020-08-26,Apis_mellifera,1
Ruby,2020-08-26,Bombus_impatiens,2
Ruby,2020-08-26,Bombus_vagans_sandersoni,1
Ruby,2020-08-28,Apis_mellifera,4
Ruby,2020-08-28,Bombus_bimaculatus,1
Ruby,2020-08-28,Bombus_impatiens,5
Ruby,2020-08-31,Wasp,1
Ruby,2020-09-02,Apis_mellifera,6
Ruby,2020-09-02,Bombus_impatiens,2
Ruby,2020-09-02,Coleoptera,1
Ruby,2020-09-02,Syrphidae,1
Ruby,2020-09-02,Wasp,4
Ruby,2021-08-10,Bombus_griseocollis,1
Ruby,2021-08-10,Bombus_impatiens,3
Ruby,2021-08-10,Hylaeus,1
Ruby,2021-08-10,Hylaeus_modestus,1
Ruby,2021-08-17,Apis_mellifera,1
Ruby,2021-08-17,Bombus_impatiens,1
Ruby,2021-08-19,Coleoptera,2
Silver Dollar,2019-08-29,Bombus_bimaculatus,1
Silver Dollar,2019-08-29,Bombus_impatiens,10
Silver Dollar,2020-08-28,Bombus_griseocollis,1
Silver Dollar,2020-08-28,Bombus_impatiens,2
Silver Dollar,2020-08-28,Diptera,1
Strawberry Shake,2020-07-10,Diptera,1
Strawberry Shake,2021-07-15,Lasioglossum,2
Strawberry Sundae,2019-07-31,Wasp,1
Strawberry Sundae,2019-08-07,Lepidoptera,13
Sweet Summer,2019-08-23,Bombus_impatiens,6
Sweet Summer,2019-09-19,Bombus_griseocollis,1
Sweet Summer,2019-09-19,Bombus_impatiens,11
Sweet Summer,2019-09-19,Bombus_perplexus,1
Sweet Summer,2019-09-19,Coleoptera,1
Sweet Summer,2019-10-19,Bombus_impatiens,1
Sweet Summer,2020-08-19,Apis_mellifera,1
Sweet Summer,2020-08-19,Bombus_impatiens,3
Sweet Summer,2020-08-21,Apis_mellifera,2
Sweet Summer,2020-08-21,Bombus_impatiens,2
Sweet Summer,2020-08-26,Apis_mellifera,2
Sweet Summer,2020-08-26,Wasp,1
Sweet Summer,2020-08-28,Apis_mellifera,1
Sweet Summer,2020-08-28,Bombus_mixtus,1
Sweet Summer,2020-08-28,Wasp,1
Sweet Summer,2020-09-02,Apis_mellifera,2
Sweet Summer,2020-09-02,Wasp,1
Sweet Summer,2020-09-16,Apis_mellifera,1
Sweet Summer,2021-08-10,Bombus_impatiens,4
Sweet Summer,2021-08-10,Bombus_mixtus,1
Sweet Summer,2021-08-10,Coleoptera,1
Sweet Summer,2021-08-10,Wasp,12
Sweet Summer,2021-08-12,Bombus_bimaculatus,1
Sweet Summer,2021-08-12,Bombus_impatiens,3
Sweet Summer,2021-08-19,Apis_mellifera,2
Tickled Pink,2019-08-23,Anthophora_furcata,1
Tickled Pink,2019-08-23,Augochloropsis,2
Tickled Pink,2019-08-23,Bombus_impatiens,4
Tickled Pink,2019-08-23,Bombus_rufocinctus,1
Tickled Pink,2019-08-28,Apis_florea,1
Tickled Pink,2019-08-28,Apis_mellifera,19
Tickled Pink,2019-08-28,Bombus_bimaculatus,1
Tickled Pink,2019-08-28,Bombus_impatiens,18
Tickled Pink,2020-08-19,Apis_mellifera,1
Tickled Pink,2020-08-19,Halictus,1
Tickled Pink,2020-09-02,Diptera,1
Tickled Pink,2020-09-02,Wasp,4
Tickled Pink,2021-08-05,Apis_mellifera,2
Tickled Pink,2021-08-05,Ceratina,2
Tickled Pink,2021-08-05,Coleoptera,1
Tickled Pink,2021-08-10,Bombus_impatiens,3
Unique,2019-08-29,Bombus_impatiens,10
Unique,2019-08-29,Coleoptera,1
Unique,2019-08-29,Wasp,1
Unique,2020-10-14,Apis_mellifera,1
Vanilla Strawberry,2020-08-21,Bombus_impatiens,2
Vanilla Strawberry,2020-08-21,Ceylalictus,1
Vanilla Strawberry,2020-08-28,Apis_mellifera,2
Vanilla Strawberry,2020-08-28,Bombus_impatiens,1
Vanilla Strawberry,2020-08-28,Coleoptera,2
Vanilla Strawberry,2020-08-28,Diptera,4
Vanilla Strawberry,2020-08-31,Wasp,2
Vanilla Strawberry,2020-09-02,Coleoptera,1
Vanilla Strawberry,2020-09-18,Bombus_impatiens,2
Vanilla Strawberry,2020-09-21,Andrena_milwaukeensis,1
Vanilla Strawberry,2020-09-21,Diptera,1
Vanilla Strawberry,2020-09-21,Habropoda,1
Vanilla Strawberry,2020-09-21,Syrphidae,1
Vanilla Strawberry,2021-08-05,Bombus_impatiens,3
Vanilla Strawberry,2021-08-10,Apis_mellifera,1
Vanilla Strawberry,2021-08-10,Augochloropsis,1
Vanilla Strawberry,2021-08-12,Bombus_impatiens,3
Vanilla Strawberry,2021-08-12,Wasp,4
White Diamonds,2019-07-26,Syrphidae,1
White Diamonds,2019-07-31,Apis_mellifera,15
White Diamonds,2019-07-31,Wasp,1
White Diamonds,2019-08-02,Apis_mellifera,8
White Diamonds,2019-08-07,Bombus_affinis,5
White Diamonds,2019-08-07,Wasp,1
White Diamonds,2019-09-30,Apis_mellifera,1
White Diamonds,2019-09-30,Bombus_bimaculatus,1
White Diamonds,2019-09-30,Bombus_griseocollis,1
White Diamonds,2019-09-30,Bombus_impatiens,16
White Diamonds,2019-09-30,Coleoptera,2
White Diamonds,2020-07-27,Apis_mellifera,1
White Diamonds,2020-07-27,Wasp,1
White Moth,2019-07-31,Lepidoptera,2
White Moth,2021-08-05,Apis_mellifera,1
