,Date,Tag.Number,jday,Who.Collected,Dendryphantini..jumping.spiders.,Thomisidae,Chauliognathus,Cerambycidae,Chrysomelidae,Curculionidae,Lampyridae,Mordellidae,Scarabaeoidea,Diptera,Anthomyiidae,Bombyliidae,Calliphoridae,Conopidae,Cecidomyiidae,Culicidae,Dolichopodidae,Drosophilidae,Empididae,Lonchaeidae,Muscidae,Polleniidae,Syrphidae..total.,Allograpta,Helophilus,Ocyptamus,Orthonevra,Parhelophilus,Parhelophilus.integer,Syrphidae,Syrphini,Syrphus,Toxomerus,Tachinidae,Tipulidae,Ulidiidae,Hemiptera,Aphidinae,Cicadellidae,Miridae,Reduviidae,Hymenoptera,Andrena,Pseudopanurgus,Apis,Ceratina,Melissodes,Triepeolus,Astata,Elampus,Hylaeus,Oxybelus,Halictidae,Agapostemon,Augochloropsis,Augochlora.OR.Augochlorella,Augochlora,Augochlorella,Halictus,Lasioglossum,Symmorphus,Eurytoma,Formicidae,Braconidae,Ichneumonidae,Scolia,Sphex.pensylvanicus,Vespidae.x,Ancistrocerus,Dolichovespula.x,Polistes,Hesperiidae,Limniphilidae,total_vial_abundance,Cultivar,Species,AscensionNumber,Inflorescence.Type,Flower.Type,False.Sepals,PaniclesPerTransect,TotalPaniclesA,AvgInflorescencesPerPanicle,transects_per_plant,TotalPaniclesB,TotalInflorescences_A,TotalInflorescences_B,TotalInflorescences_AB,Start.Time,End.Time,Rain,Wind,Cloud,Temp..F.,Apis.mellifera..honeybee.,Bombus_affinis,Bombus_auricomus,Bombus_impatiens,Bombus_bimaculatus,Bombus_griseocollis,Bombus_vagans,Celastrina_ladon,Dolichovespula.y,Epargyreus.clarus,Libythean_.carinenta,Pieris_rapae,Polygonia_comma,Sphecius_speciosus,Sphex,Vanessa.atalanta,Vespidae.y,UnknownWasp,Xylocopa,total_visual_abundance,abundance_vacuum_and_visual,NoSample,Notes
1,7/10/2024,11A,192,E. Braatz,0,0,0,0,0,0,0,0,0,0,0,0,2,0,0,0,0,0,0,0,0,0,1,0,0,0,0,0,0,0,0,0,1,0,0,0,0,0,0,0,0,0,0,0,0,1,0,0,0,0,0,0,0,0,0,0,0,0,2,12,0,0,0,0,0,0,0,0,0,0,0,0,0,19,Dharuma,Hydrangea paniculata,5026,Open,Lacy panicle,4,,NA,NA,#VALUE!,#VALUE!,#VALUE!,#VALUE!,NA,12:38,12:43,0,1,40,73,NA,NA,NA,NA,NA,NA,NA,NA,NA,NA,NA,NA,NA,NA,NA,1,NA,NA,NA,1,20,,
2,7/10/2024,11E,192,E. Braatz,0,0,0,0,0,0,0,0,0,0,0,0,0,0,0,0,0,0,0,0,0,0,1,0,0,0,0,0,0,1,0,0,0,0,0,0,0,0,0,0,0,0,0,0,0,0,0,0,0,0,0,0,0,0,0,0,0,0,0,9,0,0,0,0,0,0,0,0,0,0,0,0,0,11,Seaside Serenade® Bar Harbor,Hydrangea arborescens,19008B,Dense,Mop,4,,NA,388.8,22.3493763,0,0,0,NA,13:59,14:04,0,2,40,75,NA,NA,NA,NA,NA,NA,NA,NA,NA,NA,NA,NA,NA,NA,NA,NA,NA,NA,NA,0,11,,
3,7/10/2024,1A,192,E. Braatz,0,0,0,0,0,0,0,0,0,0,0,0,2,0,0,0,1,0,0,0,0,0,2,0,0,0,0,0,0,2,0,0,0,1,0,0,0,0,0,0,0,0,0,0,0,0,0,0,0,0,0,0,0,0,0,0,0,0,0,4,0,0,0,0,0,0,0,1,0,0,0,0,0,13,Strawberry Shake,Hydrangea paniculata,18031B,Very dense,Mop-like panicle,4,,NA,68.4,11.16444444,0,0,0,NA,11:56,12:01,0,1,10,72,NA,NA,NA,NA,NA,NA,NA,NA,NA,NA,NA,NA,NA,NA,NA,NA,NA,NA,NA,0,13,,
4,7/10/2024,4A,192,E. Braatz,0,0,0,0,0,0,0,0,0,0,0,0,0,0,0,0,0,0,0,0,0,0,1,0,0,0,0,0,0,1,0,0,0,0,0,0,0,0,0,0,0,0,0,0,0,0,0,0,0,0,0,0,0,0,0,0,0,0,0,0,0,0,0,0,0,0,0,0,0,0,0,0,0,2,White Diamonds,Hydrangea paniculata,11045,Half-open,Mop-like panicle,4,,NA,31,24.33504867,0,0,0,NA,12:12,12:17,0,1,10,72,NA,NA,NA,NA,NA,NA,NA,NA,NA,1,NA,NA,NA,NA,NA,NA,NA,NA,NA,1,3,,
5,7/10/2024,5A,192,E. Braatz,0,0,0,0,0,0,0,0,0,0,0,1,1,0,0,0,0,0,0,0,0,0,2,0,0,0,0,0,0,0,0,0,2,2,0,0,0,0,0,0,0,0,0,0,0,0,0,0,0,0,0,0,0,0,0,0,0,0,1,2,0,0,0,0,0,0,0,0,0,0,0,0,0,11,Quick Fire,Hydrangea paniculata,5079,Open,Lacy panicle,4,,NA,98.6,38.02351355,0,0,0,NA,11:42,11:47,0,1,10,72,1,NA,NA,NA,NA,NA,NA,NA,NA,NA,NA,NA,NA,NA,NA,NA,NA,NA,NA,1,12,,
6,7/10/2024,8A,192,E. Braatz,0,0,0,0,0,0,0,0,0,0,0,0,0,0,0,0,0,0,0,0,0,0,2,0,0,0,0,0,0,2,0,0,0,0,0,0,0,0,0,0,0,0,0,0,0,0,0,0,0,0,0,0,0,0,0,0,0,0,0,0,0,0,0,0,0,0,0,0,0,0,0,0,0,4,Mega Pearl,Hydrangea paniculata,1128,Dense,Mop-like panicle,4,,NA,36.1,22.3493763,0,0,0,NA,12:26,12:31,0,1,40,73,NA,NA,NA,NA,NA,NA,NA,NA,NA,NA,NA,NA,NA,NA,NA,NA,NA,NA,NA,0,4,,
7,7/10/2024,9A,192,E. Braatz,0,0,0,0,0,0,0,0,0,0,0,0,0,0,0,0,0,0,0,0,0,0,3,0,0,0,0,0,0,3,0,0,0,2,0,0,0,0,0,0,0,0,0,0,0,0,0,0,0,0,1,0,0,0,0,0,0,0,7,5,0,0,0,0,0,0,0,1,0,0,0,0,0,22,Fire & Ice,Hydrangea paniculata,12021,Open,Lacy panicle,4,,NA,97.8,16.89933935,0,0,0,NA,11:28,11:47,0,1,10,72,NA,NA,NA,NA,NA,NA,NA,NA,NA,NA,NA,NA,NA,NA,NA,1,NA,NA,NA,1,23,,
8,7/17/2024,10C,199,E. Braatz,0,0,0,0,0,0,0,0,0,0,0,0,0,0,0,0,0,0,0,0,0,0,0,0,0,0,0,0,0,0,0,0,0,0,0,0,0,0,0,0,0,0,0,0,0,0,0,0,0,0,0,0,0,0,0,0,0,0,0,1,0,0,0,0,0,0,0,0,0,0,0,0,0,1,Fire Light,Hydrangea paniculata,14026,Dense,Mop-like panicle,4,,NA,76.5,23.07027778,0,0,0,NA,10:27,10:32,0,2,0,71,NA,NA,NA,NA,NA,NA,NA,NA,NA,NA,NA,NA,NA,NA,NA,NA,NA,NA,NA,0,1,,
9,7/17/2024,10D,199,E. Braatz,0,0,0,0,0,0,0,0,0,0,0,0,0,0,0,0,0,0,0,0,0,0,0,0,0,0,0,0,0,0,0,0,0,1,0,0,0,0,0,0,0,0,0,0,0,0,0,0,0,0,0,0,0,0,0,0,0,0,0,0,0,0,0,0,0,0,0,0,0,0,0,0,0,1,Daimond Rogue,Hydrangea paniculata,17047,Half-open,Mop-like panicle,4,,NA,109,25.12,0,0,0,NA,15:48,15:53,0,2,40,77,NA,NA,NA,NA,NA,NA,NA,NA,NA,NA,NA,NA,NA,NA,NA,NA,NA,NA,NA,0,1,,
10,7/17/2024,10D,199,E. Braatz,0,0,0,0,0,0,0,0,0,0,0,0,0,0,0,0,0,0,0,0,0,0,1,0,0,0,0,0,0,0,0,0,1,0,0,0,0,0,0,0,0,0,0,0,0,0,0,0,0,0,0,0,0,0,0,0,0,0,0,1,0,0,0,0,0,0,0,0,0,0,0,0,0,3,Daimond Rogue,Hydrangea paniculata,17047,Half-open,Mop-like panicle,4,,NA,109,25.12,0,0,0,NA,15:48,15:53,0,2,40,77,NA,NA,NA,NA,NA,NA,NA,NA,NA,NA,NA,NA,NA,NA,NA,NA,NA,NA,NA,0,3,,
11,7/17/2024,11C,199,E. Braatz,0,0,0,0,0,0,0,0,0,0,0,0,0,0,0,0,0,0,0,0,0,0,0,0,0,0,0,0,0,0,0,0,0,3,0,0,0,0,0,0,0,0,0,0,0,0,0,0,0,0,0,0,0,0,0,0,0,0,1,2,0,0,0,0,0,0,0,0,0,0,0,0,0,6,Little Quick Fire,Hydrangea paniculata,14010,Open,Lacy panicle,4,,NA,59.7,14.92590278,0,0,0,NA,10:10,10:15,0,2,0,71,NA,NA,NA,NA,NA,NA,NA,NA,1,NA,NA,NA,NA,NA,NA,NA,NA,NA,NA,1,7,,
12,7/17/2024,12F,199,E. Braatz,0,0,0,0,0,0,0,0,0,0,0,0,0,0,0,0,0,0,0,0,0,0,0,0,0,0,0,0,0,0,0,0,0,0,0,0,0,0,0,0,0,0,0,0,0,0,0,0,0,0,0,0,0,0,0,0,0,0,0,3,0,0,0,0,0,0,0,0,0,0,0,0,0,3,WHITE DOME™,Hydrangea arborescens,2068,Open,Lacy,4,,NA,278.5,#VALUE!,#VALUE!,0,#VALUE!,NA,11:55,12:00,0,1,20,73,NA,NA,NA,4,NA,NA,NA,NA,NA,NA,NA,NA,NA,NA,NA,NA,NA,NA,NA,4,7,,
13,7/17/2024,13C,199,E. Braatz,0,0,0,0,0,0,0,0,0,0,0,0,1,0,0,0,1,0,0,0,0,0,0,0,0,0,0,0,0,0,0,0,0,1,0,0,0,0,0,0,0,0,0,0,0,0,0,0,0,0,0,0,0,0,0,0,0,0,0,1,0,0,0,0,0,0,0,0,0,0,0,0,0,4,Fire Light,Hydrangea paniculata,18008B,Very dense,Mop-like panicle,NA,,NA,71.4,24.08423611,0,0,0,NA,9:31,9:36,0,2,0,71,1,NA,NA,NA,NA,NA,NA,NA,NA,NA,NA,NA,NA,NA,NA,NA,NA,NA,NA,1,5,,
14,7/17/2024,14C,199,E. Braatz,0,0,0,0,0,0,0,0,0,0,0,0,0,0,0,0,1,0,0,0,0,0,0,0,0,0,0,0,0,0,0,0,0,0,0,0,0,0,1,0,0,0,0,0,0,0,0,0,0,0,0,0,0,0,0,0,0,0,0,2,0,0,0,0,0,0,0,0,0,0,0,0,0,4,Fire Light,Hydrangea paniculata,18008A,Dense,Mop-like panicle,4,,NA,94.3,23.07027778,0,0,0,NA,9:45,9:50,0,2,0,71,NA,NA,NA,NA,NA,NA,NA,NA,1,NA,NA,NA,NA,NA,NA,NA,NA,NA,NA,1,5,,
15,7/17/2024,16C,199,E. Braatz,0,0,0,0,0,0,0,0,0,0,0,0,2,0,0,0,0,0,0,0,0,0,3,1,0,0,0,0,1,0,0,0,1,1,0,0,0,0,0,0,0,0,0,0,0,0,0,0,0,0,0,0,0,0,0,0,0,0,0,0,0,0,0,0,0,0,0,0,0,0,0,0,0,9,Quick Fire,Hydrangea paniculata,14001,Open,Lacy panicle,4,,NA,25.9,22.078125,0,0,0,NA,15:31,15:36,0,2,25,73,NA,NA,NA,NA,NA,NA,NA,NA,NA,NA,NA,NA,NA,NA,NA,NA,NA,NA,NA,0,9,,
16,7/17/2024,16C,199,E. Braatz,0,0,0,0,0,0,0,0,0,0,0,0,2,0,0,0,0,0,0,0,0,0,3,1,0,0,0,0,1,0,0,0,1,1,0,0,0,0,0,0,0,0,0,0,0,0,0,0,0,0,0,0,0,0,0,0,0,0,0,0,0,0,0,0,0,0,0,0,0,0,0,0,0,9,Quick Fire,Hydrangea paniculata,14001,Open,Lacy panicle,4,,NA,25.9,22.078125,0,0,0,NA,11:14,11:19,0,2,5,73,NA,NA,NA,NA,NA,NA,NA,NA,NA,NA,NA,NA,NA,NA,NA,NA,NA,NA,NA,0,9,,Goldenrod soldier beetles
17,7/17/2024,18D,199,E. Braatz,0,0,0,0,0,0,0,0,0,0,0,0,2,0,0,0,1,0,0,0,0,0,0,0,0,0,0,0,0,0,0,0,0,0,0,0,0,0,0,0,0,0,0,0,0,0,0,0,0,0,0,0,0,0,0,0,0,0,0,0,0,0,0,0,0,0,0,0,0,0,0,0,0,3,Bobo,Hydrangea paniculata,12031B,Half-open,Mop-like panicle,4,,NA,72.1,16.583125,0,0,0,NA,16:14,16:19,0,2,40,77,NA,NA,NA,NA,NA,NA,NA,NA,NA,NA,NA,NA,NA,NA,NA,NA,NA,NA,NA,0,3,,
18,7/17/2024,2C,199,E. Braatz,0,0,0,0,0,0,0,0,0,0,0,0,1,0,0,0,0,0,0,0,0,0,1,0,0,0,0,0,0,0,0,0,1,0,0,0,0,0,0,0,0,0,0,0,0,0,0,0,0,0,0,0,0,0,0,0,0,0,0,4,0,0,0,0,0,0,0,0,0,0,0,0,0,7,Pinky Winky,Hydrangea paniculata,14022,Half-open,Mop-like panicle,4,,NA,47.1,14.92590278,0,0,0,NA,11:32,11:37,0,2,5,73,NA,NA,NA,1,NA,NA,NA,NA,NA,NA,NA,NA,NA,NA,NA,NA,NA,NA,NA,1,8,,
19,7/17/2024,2F,199,E. Braatz,0,0,0,0,0,0,0,0,0,0,0,0,0,0,0,0,2,0,0,0,2,0,0,0,0,0,0,0,0,0,0,0,0,0,0,0,0,0,0,0,0,0,0,0,0,0,0,0,0,0,1,0,0,0,0,0,1,0,0,4,0,0,0,0,0,0,0,0,0,0,0,0,0,10,Silver Leaf,Hydrangea arborescens,Unknown,Open,Lacy,4,,NA,390.5,9.8125,0,0,0,NA,13:21,13:26,0,2,25,75,NA,NA,NA,3,NA,NA,NA,NA,NA,NA,NA,NA,NA,NA,NA,NA,NA,NA,NA,3,13,,Syrphid fly escaped
20,7/17/2024,2F,199,E. Braatz,0,0,0,0,0,0,0,0,0,0,0,0,0,0,0,0,0,0,0,0,0,0,0,0,0,0,0,0,0,0,0,0,0,0,0,0,0,0,0,0,0,0,0,0,0,0,0,0,0,0,0,0,0,0,0,0,0,0,1,2,0,0,0,0,1,0,0,1,0,0,0,0,0,5,Silver Leaf,Hydrangea arborescens,Unknown,Open,Lacy,4,,NA,390.5,9.8125,0,0,0,NA,13:21,13:26,0,2,25,75,NA,NA,NA,3,NA,NA,NA,NA,NA,NA,NA,NA,NA,NA,NA,NA,NA,NA,NA,3,8,,Syrphid fly escaped
21,7/17/2024,4C,199,E. Braatz,0,0,0,0,0,0,0,0,0,0,0,0,0,0,0,0,0,0,0,0,0,0,0,0,0,0,0,0,0,0,0,0,0,1,0,0,0,0,0,0,0,0,0,0,0,0,0,0,0,0,1,0,1,0,0,0,0,0,0,1,0,0,0,0,0,0,0,0,0,0,0,0,0,4,Little Lamb,Hydrangea paniculata,4054,Very dense,Mop-like panicle,4,,NA,50,26.17756944,0,0,0,NA,10:54,10:59,0,2,5,73,1,NA,NA,NA,NA,NA,NA,NA,NA,NA,NA,NA,NA,NA,NA,NA,NA,NA,NA,1,5,,
22,7/17/2024,4F,199,E. Braatz,0,0,0,2,0,0,0,0,0,0,0,0,0,0,0,0,0,0,0,0,0,0,1,0,0,0,0,0,0,1,0,0,0,0,0,0,0,0,0,0,0,0,0,0,0,0,0,0,0,0,3,0,0,0,0,0,0,1,1,0,0,0,0,0,0,0,0,0,0,0,0,0,0,9,Haas Halo,Hydrangea arborescens,18022,Open,Lacy,3,,NA,563.4285714,25.12,0,0,0,NA,13:56,14:01,0,2,25,75,NA,NA,NA,NA,NA,NA,NA,NA,NA,NA,NA,NA,NA,NA,NA,NA,NA,NA,NA,0,9,,
23,7/17/2024,5F,199,E. Braatz,0,0,0,0,0,0,0,0,0,0,0,0,0,0,0,0,0,0,0,0,0,0,1,0,1,0,0,0,0,0,0,0,0,0,0,0,0,0,0,0,0,0,0,0,0,0,0,0,0,0,0,0,0,0,0,0,0,0,0,0,0,0,0,0,0,0,0,0,0,0,0,0,0,2,BELLA ANNA™,Hydrangea arborescens,10067,Half-open,Mop,4,,NA,88,9.169236111,0,0,0,NA,14:18,14:23,0,2,25,75,NA,NA,NA,NA,NA,NA,NA,NA,NA,NA,NA,NA,NA,NA,NA,NA,NA,NA,NA,0,2,,
24,7/17/2024,8C,199,E. Braatz,0,0,0,0,0,0,0,0,0,0,0,0,0,0,0,0,1,0,0,0,0,0,0,0,0,0,0,0,0,0,0,0,0,0,0,0,0,0,0,0,0,0,0,0,0,0,0,0,0,0,0,0,0,0,0,0,0,0,0,0,0,0,0,0,0,0,0,0,0,0,0,0,0,1,Strawberry Shake,Hydrangea paniculata,18031A,Very dense,Mop-like panicle,4,,NA,27.1,14.13,0,0,0,NA,10:42,10:57,0,2,5,73,1,NA,NA,NA,NA,NA,NA,NA,NA,NA,NA,NA,NA,NA,NA,NA,NA,NA,NA,1,2,,Syrphid
25,7/17/2024,9F,199,E. Braatz,0,0,0,0,0,0,0,0,0,0,0,0,0,0,0,0,0,0,0,0,1,0,2,0,1,0,0,0,0,0,0,0,1,0,0,0,0,0,0,0,0,0,0,0,0,0,0,0,0,0,0,0,0,0,0,0,0,0,0,1,0,0,0,0,0,0,0,0,0,0,0,0,0,6,INCREDIBALL™,Hydrangea arborescens,9050,Dense,Mop,3,,NA,557.4,35.423125,0,0,0,NA,14:31,14:37,0,2,25,75,NA,NA,NA,NA,1,NA,NA,NA,NA,NA,NA,NA,NA,NA,NA,NA,NA,NA,NA,1,7,,
26,7/18/2024,11D,200,E. Braatz,0,0,0,0,0,0,0,0,0,0,0,0,0,0,0,0,0,0,0,0,1,0,1,0,0,0,0,0,0,0,0,0,1,1,0,0,0,0,0,0,0,0,0,0,0,0,0,0,0,0,0,0,0,0,0,0,0,0,0,2,0,0,0,0,0,0,0,0,0,0,0,0,0,6,Kyushu,Hydrangea paniculata,93021,Open,Lacy panicle,NA,,NA,404.7,25.12,0,0,0,NA,12:21,12:26,0,2,65,70,1,NA,NA,NA,NA,NA,NA,NA,NA,NA,NA,NA,NA,NA,NA,NA,NA,NA,NA,1,7,,
27,7/18/2024,19D,200,E. Braatz,0,0,0,0,0,0,0,0,0,0,0,0,0,0,0,0,0,0,0,0,0,0,1,0,0,0,0,0,0,0,0,0,1,0,0,0,0,0,0,0,0,0,0,0,0,0,0,0,0,0,0,0,0,0,0,1,0,0,0,0,0,0,0,0,0,0,0,0,0,0,0,0,0,3,Puffer Fish,Hydrangea paniculata,2023-030,Half-open,Mop-like panicle,4,,NA,55.8,6.28,0,0,0,NA,13:01,13:06,0,2,65,70,NA,NA,NA,NA,NA,NA,NA,NA,NA,NA,NA,NA,NA,NA,NA,NA,NA,NA,NA,0,3,,2 Golden digger waps
28,7/18/2024,20D,200,E. Braatz,0,0,0,0,0,0,0,0,0,0,0,0,0,0,0,0,1,0,0,0,0,0,0,0,0,0,0,0,0,0,0,0,0,1,0,0,0,0,0,0,0,0,0,0,0,0,0,0,0,0,0,0,0,0,0,0,0,0,0,0,0,0,0,0,0,0,0,0,0,0,0,0,0,2,Early Evolution,Hydrangea paniculata,2023-026A,Open,Lacy panicle,4,,NA,NA,2.791111111,0,#VALUE!,#VALUE!,NA,12:36,12:41,0,2,65,70,NA,NA,NA,NA,NA,NA,NA,NA,NA,NA,NA,NA,NA,NA,NA,NA,NA,NA,NA,0,2,,
29,7/18/2024,5B,200,E. Braatz,0,0,0,0,0,0,0,0,0,0,0,0,0,0,0,0,0,0,0,0,0,0,0,0,0,0,0,0,0,0,0,0,0,0,0,0,0,0,0,0,0,0,0,0,0,0,0,0,0,0,0,0,0,0,0,0,0,1,0,0,0,0,0,0,0,0,0,0,0,0,0,0,0,1,Dharuma,Hydrangea paniculata,5026,Open,Lacy panicle,4,,NA,5.5,2.440264603,0,0,0,NA,13:01,13:06,0,2,35,73,NA,NA,NA,NA,NA,NA,NA,NA,NA,NA,NA,NA,NA,NA,NA,NA,NA,NA,NA,0,1,,
30,7/18/2024,6D,200,E. Braatz,0,0,0,0,0,0,0,0,0,0,0,0,0,0,0,0,2,0,0,0,0,0,2,0,0,0,0,0,0,0,0,0,2,1,0,0,0,0,0,0,0,0,0,0,0,0,0,0,0,0,0,0,0,0,0,0,1,0,0,2,0,0,0,0,0,0,0,0,0,0,0,0,0,10,Strawberry Sundae,Hydrangea paniculata,15055,Dense,Mop-like panicle,4,,NA,42.8,31.7925,0,0,0,NA,12:51,12:56,0,2,65,70,2,NA,NA,NA,NA,NA,NA,NA,NA,NA,NA,NA,NA,NA,NA,NA,NA,NA,NA,2,12,,
31,7/22/2024,10E,204,E. Braatz,0,0,0,0,0,0,0,1,0,0,0,0,0,0,0,0,0,1,0,0,1,0,0,0,0,0,0,0,0,0,0,0,0,0,0,0,0,0,0,0,0,0,0,0,0,0,0,0,0,0,0,0,0,0,0,0,0,0,0,4,0,0,0,0,0,0,0,0,0,0,0,0,0,7,INCREDIBALL™,Hydrangea arborescens,9050,Dense,Mop,4,9.33,NA,1180.7,24.33504867,227.0460041,0,268073.217,268073.217,11:15,11:20,0,1,5,78,NA,NA,NA,1,NA,NA,NA,NA,NA,NA,NA,NA,NA,NA,NA,NA,NA,NA,NA,1,8,,Vespidae
32,7/22/2024,9A,204,G. Meneses,0,0,0,0,0,0,0,1,0,0,0,0,1,0,0,0,0,1,0,0,1,0,1,0,0,0,0,0,1,0,0,0,0,1,0,0,0,0,0,0,0,0,0,0,0,1,0,0,0,0,0,0,0,0,0,0,0,0,0,0,0,0,0,0,0,0,0,0,0,0,0,0,0,8,Fire & Ice,Hydrangea paniculata,12021,Open,Lacy panicle,4,12.3,NA,97.8,16.89933935,207.8618741,0,20328.89128,20328.89128,15:58,16:03,0,1,75,79,2,NA,NA,NA,NA,NA,NA,NA,NA,NA,NA,NA,NA,NA,NA,NA,NA,NA,NA,2,10,,
33,7/23/2024,3E,205,E. Braatz,0,0,0,0,0,0,0,0,0,0,0,0,0,0,0,0,0,0,0,0,0,0,0,0,0,0,0,0,0,0,0,0,0,0,0,0,0,0,0,1,0,0,0,0,0,0,0,0,0,0,0,0,0,0,0,0,0,0,1,2,0,0,0,0,0,0,0,0,0,0,0,0,0,4,Bounty,Hydrangea arborescens,12019,Half-open,Mop,4,5.6,NA,528.4,46.00845139,257.6473278,0,136140.848,136140.848,13:30,13:35,0,1,100,77,NA,NA,NA,NA,NA,NA,NA,NA,NA,NA,NA,NA,NA,NA,NA,NA,NA,NA,NA,0,4,,
34,7/23/2024,4E,205,E. Braatz,0,0,0,0,0,0,0,0,0,0,0,0,0,0,0,0,2,0,0,0,0,0,0,0,0,0,0,0,0,0,0,0,0,0,0,0,0,0,0,0,0,0,0,0,0,0,0,0,0,0,0,0,0,0,0,0,0,0,0,0,0,0,0,0,0,0,0,0,0,0,0,0,0,2,Hayes Starburst,Hydrangea arborescens,7027,Very dense,Mop,8,5,NA,0,16.89933935,84.49669677,0,0,0,13:17,13:22,0,1,100,77,NA,NA,NA,NA,NA,NA,NA,NA,NA,NA,NA,NA,NA,NA,NA,NA,NA,NA,NA,0,2,,
35,7/23/2024,5E,205,E. Braatz,0,0,0,0,0,0,0,0,0,0,0,0,0,0,0,0,1,0,0,0,1,0,0,0,0,0,0,0,0,0,0,0,0,0,0,0,0,0,0,0,0,0,0,0,0,0,0,0,0,0,0,0,0,0,0,0,0,0,0,0,0,0,0,0,0,0,0,0,0,0,0,0,0,2,Annabelle,Hydrangea arborescens,65169,Dense,Mop,4,7,NA,478.5,97.34019468,681.3813628,0,326040.9821,326040.9821,13:59,14:04,0,1,100,77,NA,NA,NA,NA,NA,NA,NA,NA,NA,NA,NA,NA,NA,NA,NA,NA,NA,NA,NA,0,2,,
36,7/23/2024,6E,205,E. Braatz,0,0,0,0,0,0,0,0,0,0,0,0,0,0,0,0,1,1,0,0,2,0,0,0,0,0,0,0,0,0,0,0,0,0,0,0,0,0,0,0,0,0,0,0,0,0,0,0,0,0,0,0,0,0,0,0,0,0,0,0,0,0,0,0,0,0,0,0,0,0,0,0,0,4,Riven Lace,Hydrangea arborescens,8036,Half-open,Lacy,4,8.33,NA,97.5,33.12270513,275.9121338,0,26901.43304,26901.43304,11:32,11:37,0,1,100,74,NA,NA,NA,NA,NA,NA,NA,NA,NA,NA,NA,NA,NA,NA,NA,NA,NA,NA,NA,0,4,,
37,7/23/2024,6E,205,E. Braatz,0,0,0,0,0,0,0,0,0,0,0,0,0,0,0,0,1,0,0,0,1,0,0,0,0,0,0,0,0,0,0,0,0,0,0,0,0,0,0,1,0,0,0,0,0,0,0,0,0,0,0,0,0,0,0,0,0,0,0,0,0,0,0,0,0,0,0,0,0,0,0,0,0,3,Riven Lace,Hydrangea arborescens,8036,Half-open,Lacy,4,8.33,NA,97.5,33.12270513,275.9121338,0,26901.43304,26901.43304,11:32,11:37,0,1,100,74,NA,NA,NA,NA,NA,NA,NA,NA,NA,NA,NA,NA,NA,NA,NA,NA,NA,NA,NA,0,3,,
38,7/25/2024,10B,207,E. Braatz,0,0,0,0,0,0,0,0,0,0,0,0,0,0,0,0,1,0,0,0,1,0,0,0,0,0,0,0,0,0,0,0,0,0,0,0,0,0,0,0,0,0,0,0,0,0,0,0,0,0,0,0,0,0,0,0,0,0,0,0,0,0,0,0,0,0,0,0,0,0,0,0,0,2,Pink Lady,Hydrangea paniculata,1005,Dense,Mop-like panicle,4,5,NA,125.2,10.28155806,51.40779032,0,6436.255348,6436.255348,17:05,17:10,0,1,35,79,1,NA,NA,NA,NA,NA,NA,NA,NA,NA,NA,NA,NA,NA,NA,NA,NA,3,NA,4,6,,
39,7/25/2024,11A,207,E. Braatz,0,0,0,0,0,0,0,0,0,0,0,0,1,0,0,0,0,0,0,0,1,0,1,0,0,0,0,0,0,0,0,0,1,1,0,0,0,0,0,0,0,0,0,0,0,0,0,0,0,0,0,0,0,0,0,0,0,0,0,0,0,0,0,0,0,0,0,0,0,0,0,0,0,5,Dharuma,Hydrangea paniculata,5026,Open,Lacy panicle,4,33,NA,NA,#VALUE!,#VALUE!,#VALUE!,#VALUE!,NA,13:10,13:15,0,1,40,77,2,NA,NA,NA,NA,NA,NA,NA,NA,NA,NA,NA,NA,NA,NA,NA,NA,NA,NA,2,7,,
40,7/25/2024,12A,207,E. Braatz,0,0,0,0,0,0,0,2,0,0,0,0,0,0,0,0,0,0,0,0,1,0,3,0,0,0,0,0,0,1,0,0,2,1,0,0,0,0,0,0,0,0,0,0,0,0,0,0,0,0,0,0,0,0,0,0,0,0,0,4,0,0,0,0,0,0,0,0,0,0,0,0,0,14,Candy Apple,Hydrangea paniculata,20012,Dense,Mop-like panicle,4,11.3,NA,#N/A,#N/A,#N/A,#N/A,#N/A,NA,14:46,14:51,0,2,35,78,NA,NA,NA,NA,NA,NA,NA,NA,NA,1,NA,NA,NA,NA,NA,NA,NA,NA,NA,1,15,,
41,7/25/2024,12E,207,E. Braatz,0,0,0,0,0,0,0,0,0,0,0,0,0,0,0,0,0,0,0,0,0,0,1,0,0,0,0,0,0,0,0,0,1,0,0,0,0,0,0,0,0,0,0,0,0,0,0,0,0,0,0,0,0,0,0,0,0,0,0,0,0,0,0,0,0,0,0,0,0,0,0,0,0,2,Invincibelle Mini Mauvette™,Hydrangea arborescens,17031,Dense,Mop,3,5,NA,111.7,2.703894297,13.51947148,0,1510.124965,1510.124965,12:46,12:51,0,1,40,74,NA,NA,NA,NA,NA,NA,NA,NA,NA,NA,NA,NA,NA,NA,NA,NA,NA,NA,NA,0,2,,
42,7/25/2024,13B,207,E. Braatz,0,0,0,0,0,0,0,0,0,0,0,0,0,0,0,0,0,0,0,0,0,0,0,0,0,0,0,0,0,0,0,0,0,0,0,0,0,0,0,0,0,0,0,0,0,0,0,0,0,0,0,0,0,0,0,0,0,0,0,0,0,0,0,0,1,0,0,0,0,0,0,0,0,1,Pinky Winky,Hydrangea paniculata,7045,Dense,Lacy panicle,5,3,NA,91.2,4.569581361,13.70874408,0,1250.23746,1250.23746,17:54,17:59,0,1,35,79,NA,NA,NA,NA,NA,NA,NA,NA,NA,NA,NA,NA,NA,NA,NA,NA,NA,NA,NA,0,1,,
43,7/25/2024,19B,207,E. Braatz,0,0,0,0,0,0,0,0,0,0,0,0,0,0,0,0,0,0,0,0,0,0,2,0,0,0,0,0,0,0,0,0,2,2,0,0,0,0,0,0,0,0,0,0,0,0,0,0,0,0,0,0,0,0,0,0,0,0,0,2,0,0,0,0,0,0,0,0,0,0,0,0,0,8,Little Quick Fire,Hydrangea paniculata,14010,Open,Lacy panicle,NA,17.3,NA,69.4,10.81557719,187.1094853,0,12985.39828,12985.39828,16:54,16:59,0,2,40,79,NA,NA,NA,NA,NA,NA,NA,NA,NA,NA,NA,NA,NA,NA,NA,NA,NA,NA,NA,0,8,,
44,7/25/2024,1A,207,E. Braatz,0,0,0,0,0,0,0,0,0,0,0,0,0,1,0,0,0,0,0,0,1,0,0,0,0,0,0,0,0,0,0,0,0,2,0,0,0,0,0,0,0,0,0,0,0,0,0,0,0,0,0,0,0,0,0,0,0,0,0,0,0,0,0,0,0,0,0,0,0,0,0,0,0,4,Strawberry Shake,Hydrangea paniculata,18031B,Very dense,Mop-like panicle,4,19.6,NA,68.4,11.16444444,218.8231111,0,14967.5008,14967.5008,15:02,15:07,0,1,35,79,1,NA,NA,NA,NA,NA,NA,1,NA,NA,NA,NA,NA,NA,NA,NA,NA,NA,NA,2,6,,
45,7/25/2024,3A,207,E. Braatz,0,0,0,0,0,0,0,0,0,0,0,0,0,0,0,0,2,0,0,0,0,0,1,0,0,0,0,0,0,0,0,0,1,1,0,0,0,0,0,0,0,0,0,0,0,0,0,0,0,0,0,0,0,0,0,0,0,0,0,0,0,0,0,0,0,0,0,0,0,0,0,0,0,5,Sweet Summer,Hydrangea paniculata,12022,Dense,Mop-like panicle,4,9,NA,361,22.3493763,201.1443867,0,72613.12359,72613.12359,15:14,15:19,0,1,35,79,NA,NA,NA,NA,NA,NA,NA,NA,NA,NA,NA,NA,NA,NA,NA,NA,NA,NA,NA,0,5,,
46,7/25/2024,5A,207,E. Braatz,0,0,0,0,0,0,0,0,0,0,0,0,0,0,0,0,0,0,0,0,2,0,0,0,0,0,0,0,0,0,0,0,0,0,0,0,0,0,0,0,0,0,0,0,0,0,0,0,0,0,0,0,0,0,0,0,1,0,0,1,0,0,0,0,0,0,0,0,0,1,0,0,0,5,Quick Fire,Hydrangea paniculata,5079,Open,Lacy panicle,4,19.3,NA,98.6,38.02351355,733.8538115,0,72357.98581,72357.98581,15:37,15:35,0,1,35,78,NA,NA,NA,NA,NA,NA,NA,NA,2,NA,NA,NA,NA,3,NA,NA,NA,NA,NA,5,10,,
47,7/25/2024,5B,207,E. Braatz,0,0,0,0,0,0,0,0,0,0,0,0,0,0,0,0,0,0,0,0,2,0,1,0,0,0,0,0,0,0,0,0,1,0,0,0,0,0,0,0,0,0,0,0,0,0,0,0,0,0,0,0,0,0,0,0,0,0,0,0,0,0,0,0,0,0,0,0,0,0,0,0,0,4,Dharuma,Hydrangea paniculata,5026,Open,Lacy panicle,4,15.6,NA,5.5,2.440264603,38.0681278,0,209.3747029,209.3747029,17:30,17:35,0,1,35,79,NA,NA,NA,NA,NA,NA,NA,NA,NA,NA,NA,NA,NA,NA,NA,NA,NA,NA,NA,0,4,,
48,7/25/2024,6A,207,E. Braatz,0,0,0,0,0,0,0,0,0,0,0,0,0,0,0,0,0,0,0,0,0,0,0,0,0,0,0,0,0,0,0,0,0,0,0,0,0,0,0,0,0,0,0,0,0,0,0,0,0,0,0,0,0,0,0,0,0,0,0,4,0,0,0,0,0,0,0,0,0,0,0,0,0,4,Honey Comb,Hydrangea paniculata,11031,Open,Lacy panicle,4,4,NA,189.5,40.6006628,162.4026512,0,30775.3024,30775.3024,13:42,13:47,0,1,40,79,NA,NA,NA,NA,NA,NA,NA,NA,NA,NA,NA,NA,NA,NA,NA,NA,NA,NA,NA,0,4,,
49,7/25/2024,6B,207,E. Braatz,0,0,0,0,0,0,0,0,0,0,0,0,0,0,0,0,0,0,0,0,2,0,0,0,0,0,0,0,0,0,0,0,0,0,0,0,0,0,0,0,0,0,0,0,0,0,0,0,0,0,0,0,0,0,0,0,0,0,0,0,0,0,0,0,0,0,0,0,0,0,0,0,0,2,Mega Pearl,Hydrangea paniculata,1128,Half-open,Lacy panicle,4,6.666666667,NA,154.8,2.981043462,19.87362308,0,3076.436853,3076.436853,17:20,17:25,0,1,35,79,NA,NA,NA,NA,NA,NA,NA,NA,NA,NA,NA,NA,NA,NA,NA,NA,NA,NA,NA,0,2,,
50,7/25/2024,8A,207,E. Braatz,0,1,0,0,0,0,0,0,0,0,0,0,0,0,0,0,0,0,0,0,0,0,0,0,0,0,0,0,0,0,0,0,0,2,0,0,0,0,0,0,0,0,0,0,0,0,0,0,0,0,0,0,0,1,0,0,0,0,1,1,0,0,0,0,0,0,0,0,0,0,0,0,0,6,Mega Pearl,Hydrangea paniculata,1128,Dense,Mop-like panicle,4,9.6,NA,36.1,22.3493763,214.5540124,0,7745.399849,7745.399849,13:20,12:25,0,1,40,77,2,NA,NA,NA,NA,NA,NA,NA,1,NA,NA,NA,NA,NA,NA,NA,NA,NA,NA,3,9,,
51,7/25/2024,9E,207,E. Braatz,0,0,0,0,0,0,0,0,0,0,0,0,0,0,0,0,0,0,0,0,0,0,1,0,0,1,0,0,0,0,0,0,0,0,0,0,0,0,0,0,0,0,0,0,0,0,0,0,0,0,0,0,0,0,0,0,0,0,0,2,0,0,0,0,0,0,0,0,0,0,0,0,0,4,INCREDIBALL™,Hydrangea arborescens,9090,Dense,Mop,4,0.333,NA,1248,54.75385951,18.23303522,0,22754.82795,22754.82795,12:33,12:38,0,1,40,74,NA,NA,NA,NA,NA,NA,NA,NA,NA,NA,NA,NA,NA,NA,NA,NA,NA,NA,NA,0,4,,
52,7/26/2024,11C,208,E. Braatz,0,0,0,0,0,0,0,0,0,0,0,0,0,0,0,0,0,0,0,0,0,0,0,0,0,0,0,0,0,0,0,0,0,1,0,0,0,0,0,0,0,0,0,0,0,0,0,0,0,0,0,0,0,0,0,0,0,0,0,0,0,0,0,0,0,0,0,0,0,0,0,0,0,1,Little Quick Fire,Hydrangea paniculata,14010,Open,Lacy panicle,4,13.66666667,NA,59.7,14.92590278,203.987338,0,12178.04408,12178.04408,18:19,18:24,0,1,0,81,NA,NA,NA,NA,NA,NA,NA,NA,2,NA,NA,NA,NA,NA,NA,NA,NA,NA,NA,2,3,,
53,7/26/2024,12C,208,E. Braatz,0,0,0,0,0,0,0,0,0,0,0,0,1,0,0,0,0,0,0,0,1,0,1,0,0,0,0,0,0,0,0,0,1,1,0,0,0,0,0,0,0,0,0,0,0,0,0,0,0,0,0,0,0,0,0,0,0,0,0,0,0,0,0,0,0,0,0,0,0,0,0,0,0,5,Polar Ball,Hydrangea paniculata,13029,Very dense,Mop-like panicle,4,3.666666667,NA,4.5,15.74361111,57.72657407,0,259.7695833,259.7695833,18:26,18:31,0,1,0,81,NA,NA,NA,1,NA,NA,NA,NA,NA,NA,NA,NA,NA,NA,NA,NA,NA,NA,NA,1,6,,
54,7/26/2024,13C,208,E. Braatz,0,0,0,0,0,0,0,0,0,0,0,0,0,2,0,0,0,0,0,0,0,0,1,0,0,1,0,0,0,0,0,0,0,0,0,0,0,0,0,0,0,0,0,0,0,0,0,0,0,0,1,0,0,0,0,0,1,0,0,1,0,0,0,0,0,0,0,0,0,0,0,0,0,7,Fire Light,Hydrangea paniculata,18008B,Very dense,Mop-like panicle,NA,11.3,NA,71.4,24.08423611,272.1518681,0,19431.64338,19431.64338,11:25,11:30,0,1,0,75,NA,NA,NA,NA,NA,NA,NA,NA,NA,NA,NA,NA,NA,NA,NA,NA,NA,NA,NA,0,7,,1 Golden digger wasp
55,7/26/2024,14C,208,E. Braatz,0,0,0,0,0,0,0,0,0,0,0,0,1,0,0,0,0,0,0,0,0,0,0,0,0,0,0,0,0,0,0,0,0,0,0,0,1,0,0,0,0,0,0,0,0,1,0,0,0,0,0,0,0,0,0,0,0,0,0,0,0,0,0,0,0,0,0,1,0,0,0,0,0,4,Fire Light,Hydrangea paniculata,18008A,Dense,Mop-like panicle,4,12.3,NA,94.3,23.07027778,283.7644167,0,26758.98449,26758.98449,11:35,11:40,0,1,0,75,NA,NA,NA,NA,NA,NA,NA,NA,NA,NA,NA,NA,NA,NA,NA,NA,NA,NA,NA,0,4,,
56,7/26/2024,14C,208,E. Braatz,0,0,0,0,0,0,0,0,0,0,0,0,0,0,0,0,0,1,0,0,0,0,1,0,0,0,0,0,0,0,0,0,1,0,0,0,0,0,0,0,0,0,0,0,0,0,0,0,0,0,0,0,0,0,0,0,0,0,0,0,0,0,0,0,0,0,0,0,0,0,0,0,0,3,Fire Light,Hydrangea paniculata,18008A,Dense,Mop-like panicle,4,12.3,NA,94.3,23.07027778,283.7644167,0,26758.98449,26758.98449,11:35,11:40,0,1,0,75,NA,NA,NA,NA,NA,NA,NA,NA,NA,NA,NA,NA,NA,NA,NA,NA,NA,NA,NA,0,3,,
57,7/26/2024,16B,208,E. Braatz,0,0,0,0,0,0,0,0,0,0,0,0,0,0,0,0,0,0,0,0,1,0,4,0,0,0,0,0,0,0,0,0,4,0,0,0,0,0,0,0,0,0,0,0,0,1,0,0,0,0,0,0,0,0,0,0,0,0,0,0,0,0,0,0,0,0,0,0,0,0,0,0,0,10,Dolly,Hydrangea paniculata,1127,Dense,Lacy panicle,4,1.333333333,NA,126.2,8.045775467,10.72770062,0,1353.835819,1353.835819,9:15,9:20,0,1,0,69,NA,NA,NA,1,NA,NA,NA,NA,1,NA,NA,NA,NA,NA,NA,NA,NA,NA,NA,2,12,,
58,7/26/2024,16C,208,E. Braatz,0,0,0,0,0,0,0,0,0,0,0,0,0,0,0,0,0,0,0,0,0,0,0,0,0,0,0,0,0,0,0,0,0,0,0,0,0,0,0,0,0,0,0,0,0,0,0,0,0,0,0,0,0,0,0,0,0,0,0,0,0,0,0,0,0,0,0,1,0,0,0,0,0,1,Quick Fire,Hydrangea paniculata,14001,Open,Lacy panicle,4,Forgot to enter,NA,25.9,22.078125,#VALUE!,0,#VALUE!,NA,16:55,17:00,0,1,0,81,NA,NA,NA,NA,NA,NA,NA,NA,3,NA,NA,NA,NA,NA,NA,NA,NA,NA,NA,3,4,,
59,7/26/2024,19D,208,E. Braatz,0,0,0,0,0,0,0,0,0,0,0,0,0,0,0,0,0,0,0,0,0,0,0,0,0,0,0,0,0,0,0,0,0,1,0,0,0,0,0,0,0,0,0,0,0,0,0,0,0,0,0,0,0,1,0,0,0,0,0,0,0,0,0,0,0,0,0,0,0,0,0,0,0,2,Puffer Fish,Hydrangea paniculata,2023-030,Half-open,Mop-like panicle,4,11,NA,55.8,6.28,69.08,0,3854.664,3854.664,17:08,17:13,0,2,0,81,3,NA,NA,NA,NA,NA,NA,NA,1,NA,NA,NA,NA,NA,NA,NA,NA,NA,NA,4,6,,
60,7/26/2024,1C,208,E. Braatz,0,0,0,0,0,0,0,0,0,0,0,0,0,0,0,0,0,0,0,0,1,0,1,0,0,0,0,0,0,0,0,0,1,0,0,0,0,0,0,0,0,0,0,0,0,0,0,0,0,0,0,0,0,0,0,0,0,0,0,1,0,0,0,0,0,0,0,0,0,0,0,0,0,4,Ruby,Hydrangea paniculata,98053,NA,NA,NA,10.3,NA,46.2,5.276944444,54.35252778,0,2511.086783,2511.086783,11:10,11:15,0,1,30,75,NA,NA,NA,NA,NA,NA,NA,NA,NA,NA,NA,NA,NA,NA,NA,NA,NA,NA,NA,0,4,,
61,7/26/2024,22B,208,E. Braatz,0,0,0,0,0,0,0,0,0,0,0,0,0,0,0,0,1,2,0,0,1,0,0,0,0,0,0,0,0,0,0,0,0,0,0,0,0,0,0,0,0,0,0,0,0,0,0,0,0,0,0,0,0,0,0,0,0,0,0,3,0,0,0,0,0,0,0,0,0,0,0,0,0,7,Limelight Prime,Hydrangea paniculata,21039,Half-open,Mop-like panicle,4,2.666666667,NA,17.7,5.276944444,14.07185185,0,249.0717778,249.0717778,10:34,10:39,0,1,5,73,NA,NA,NA,NA,NA,NA,NA,NA,NA,NA,NA,NA,NA,NA,NA,NA,NA,NA,NA,0,7,,
62,7/26/2024,23B,208,E. Braatz,0,0,0,0,0,0,0,0,0,0,0,0,0,0,0,0,0,0,0,0,0,0,0,0,0,0,0,0,0,0,0,0,0,0,0,0,0,0,0,0,0,0,0,0,0,0,0,0,0,0,0,0,0,0,0,0,0,0,0,0,0,0,0,1,0,0,0,0,0,0,0,0,0,1,Quick Fire Fabulous,Hydrangea paniculata,No tag,Dense,Mop-like panicle,5,8,NA,60.9,11.873125,94.985,0,5784.5865,5784.5865,8:56,9:01,0,1,0,69,NA,NA,NA,NA,NA,NA,NA,NA,NA,NA,NA,NA,NA,NA,NA,NA,NA,NA,NA,0,1,,Lots of bracts
63,7/26/2024,24B,208,E. Braatz,0,0,0,0,0,0,0,0,0,0,0,0,0,0,0,0,0,0,1,0,0,0,0,0,0,0,0,0,0,0,0,0,0,0,0,0,0,0,0,0,0,0,0,0,0,0,0,0,0,0,0,0,0,0,0,0,0,0,0,0,0,0,0,0,0,0,0,0,0,0,0,0,0,1,Little Lime Punch,Hydrangea paniculata,21040,Half-open,Mop-like panicle,4,4.666666667,NA,194.2,9.8125,45.79166667,0,8892.741667,8892.741667,10:10,10:15,0,1,0,69,NA,NA,NA,NA,NA,NA,NA,NA,NA,NA,NA,NA,NA,NA,NA,NA,NA,NA,NA,0,1,,
64,7/26/2024,26B,208,E. Braatz,0,0,0,0,0,0,0,0,0,0,0,0,1,0,0,0,0,0,0,0,1,0,0,0,0,0,0,0,0,0,0,0,0,0,0,0,0,0,0,0,0,0,0,0,0,0,0,0,0,0,0,0,0,0,0,0,0,0,0,0,1,0,0,0,0,0,0,0,0,0,0,0,0,3,Berry White,Hydrangea paniculata,21026,Half-open,Mop-like panicle,4,2.333333333,NA,86.42857,15.74361111,36.73509259,0,3174.961522,3174.961522,10:56,11:01,0,1,5,73,NA,NA,NA,NA,NA,NA,NA,NA,NA,NA,NA,NA,NA,NA,NA,NA,NA,NA,NA,0,3,,
65,7/26/2024,27B,208,E. Braatz,0,0,0,0,0,0,0,0,0,0,0,0,0,0,0,0,0,0,0,0,0,0,0,0,0,0,0,0,0,0,0,0,0,1,0,0,0,0,0,0,0,0,0,0,0,0,0,0,0,0,0,0,0,0,0,0,3,0,1,7,0,0,0,0,0,0,0,0,0,0,0,0,0,12,Unknown,Hydrangea paniculata,20012B,Half-open,Mop-like panicle,4,7,NA,15.1,2.791111111,19.53777778,0,295.0204444,295.0204444,9:57,10:02,0,1,0,69,3,NA,1,NA,NA,NA,NA,NA,1,NA,NA,NA,NA,NA,NA,NA,NA,NA,NA,5,17,,Weird bracts; tree 
66,7/26/2024,3D,208,E. Braatz,0,0,0,0,0,0,0,0,0,0,0,0,0,0,0,0,0,0,0,0,0,0,0,0,0,0,0,0,0,0,0,0,0,0,0,1,0,0,0,0,0,0,0,0,0,0,0,0,0,0,0,0,0,0,0,0,0,0,0,0,0,0,0,0,0,0,0,0,0,0,0,0,0,1,Vanilla Strawberry,Hydrangea paniculata,10063,Half-open,Mop-like panicle,5,2.333333333,NA,349.6,48.94256944,114.1993287,0,39924.08531,39924.08531,17:16,17:21,0,2,0,81,NA,NA,NA,NA,NA,NA,NA,NA,NA,NA,NA,NA,NA,NA,NA,NA,NA,NA,NA,0,1,,
67,7/26/2024,4C,208,E. Braatz,0,0,0,0,0,0,0,0,0,0,0,0,0,0,0,0,0,0,0,0,0,0,0,0,0,0,0,0,0,0,0,0,0,0,0,0,0,0,0,0,0,0,0,0,0,0,0,0,0,0,0,0,0,0,0,0,0,0,0,1,0,0,0,0,0,0,0,0,0,0,0,0,0,1,Little Lamb,Hydrangea paniculata,4054,Very dense,Mop-like panicle,4,9.666666667,NA,50,26.17756944,253.049838,0,12652.4919,12652.4919,17:50,17:55,0,1,0,81,1,NA,NA,NA,NA,NA,NA,NA,2,NA,NA,NA,NA,NA,1,NA,NA,NA,NA,4,5,,
68,7/26/2024,4F,208,E. Braatz,0,0,0,0,0,0,0,0,0,0,0,0,0,0,0,0,0,0,0,0,0,0,0,0,0,0,0,0,0,0,0,0,0,0,0,0,0,0,0,0,0,0,0,0,0,0,0,0,0,0,1,0,0,0,0,0,0,0,0,0,0,0,0,0,0,0,0,0,0,0,0,0,0,1,Haas Halo,Hydrangea arborescens,18022,Open,Lacy,3,1,NA,563.4285714,25.12,25.12,0,14153.32571,14153.32571,18:41,18:46,0,1,0,80,NA,NA,NA,1,NA,NA,NA,NA,NA,NA,NA,NA,NA,NA,NA,NA,NA,NA,NA,1,2,,
69,7/26/2024,5F,208,E. Braatz,0,0,0,0,0,0,0,0,0,0,0,0,0,0,0,0,1,0,0,0,0,0,0,0,0,0,0,0,0,0,0,0,0,0,0,0,0,0,0,0,0,0,0,0,0,0,0,0,0,0,0,0,0,0,0,0,0,0,0,0,0,0,0,0,0,0,0,0,0,0,0,0,0,1,BELLA ANNA™,Hydrangea arborescens,10067,Half-open,Mop,4,0.66,NA,88,9.169236111,6.051695833,0,532.5492333,532.5492333,18:50,18:55,0,1,0,80,NA,NA,NA,NA,NA,NA,NA,NA,NA,NA,NA,NA,NA,NA,NA,NA,NA,NA,NA,0,1,,Shaded
70,7/26/2024,6D,208,E. Braatz,0,0,0,0,0,0,0,0,0,0,0,0,0,0,0,0,1,0,0,0,1,0,0,0,0,0,0,0,0,0,0,0,0,1,0,0,0,0,0,0,0,0,0,0,0,0,0,0,0,0,0,0,0,0,0,0,1,0,0,4,0,0,0,0,0,0,0,0,0,0,0,0,0,8,Strawberry Sundae,Hydrangea paniculata,15055,Dense,Mop-like panicle,4,14.6,NA,42.8,31.7925,464.1705,0,19866.4974,19866.4974,17:36,17:41,0,2,0,81,NA,NA,NA,NA,NA,NA,NA,NA,2,NA,NA,NA,NA,NA,NA,NA,NA,2,NA,4,12,,
71,7/26/2024,9B,208,E. Braatz,0,0,0,0,0,0,0,0,0,0,0,0,0,1,0,0,0,1,0,0,0,0,0,0,0,0,0,0,0,0,0,0,0,1,0,0,0,0,0,0,0,0,0,0,0,0,0,0,0,0,0,0,0,0,1,0,1,0,0,0,0,0,0,0,0,0,0,0,0,0,0,0,0,5,Silver Dollar,Hydrangea paniculata,1006,Dense,Mop-like panicle,4,5,NA,41.2,4.569581361,22.84790681,0,941.3337604,941.3337604,10:45,10:50,0,1,5,73,NA,NA,NA,1,NA,NA,NA,NA,NA,NA,NA,NA,NA,NA,NA,NA,NA,NA,NA,1,6,,
72,7/29/2024,10C,211,E. Braatz,0,0,0,0,0,0,0,0,0,0,0,0,0,0,0,0,0,0,0,0,0,0,0,0,0,0,0,0,0,0,0,0,0,2,0,0,0,1,0,0,0,0,0,0,0,0,0,0,0,0,0,0,0,0,0,0,0,0,0,1,0,0,0,0,0,0,0,0,0,0,0,0,0,4,Fire Light,Hydrangea paniculata,14026,Dense,Mop-like panicle,4,5.666666667,NA,76.5,23.07027778,130.7315741,0,10000.96542,10000.96542,15:53,15:58,0,1,30,80,NA,NA,NA,NA,NA,NA,NA,NA,NA,NA,NA,NA,NA,NA,NA,NA,NA,NA,NA,0,4,,
73,7/29/2024,11C,211,E. Braatz,0,0,0,0,0,0,0,0,0,0,0,0,0,0,0,0,0,0,0,0,1,0,0,0,0,0,0,0,0,0,0,0,0,1,0,0,0,0,0,0,0,0,0,0,0,0,0,0,0,0,0,0,0,0,0,0,0,0,0,4,0,0,0,0,0,0,0,0,0,0,1,0,0,7,Little Quick Fire,Hydrangea paniculata,14010,Open,Lacy panicle,4,12.66666667,NA,59.7,14.92590278,189.0614352,0,11286.96768,11286.96768,16:05,16:10,0,1,30,80,NA,1,NA,NA,NA,NA,NA,NA,NA,1,NA,NA,NA,NA,NA,NA,NA,NA,NA,2,9,,
74,7/29/2024,12C,211,E. Braatz,0,0,0,0,0,0,0,0,0,0,0,0,0,0,0,0,0,0,0,0,0,0,0,0,0,0,0,0,0,0,0,0,0,0,0,0,0,0,0,0,0,0,0,0,0,0,0,1,0,0,0,0,0,0,0,0,1,0,0,1,0,0,0,0,0,0,0,0,0,0,0,0,0,3,Polar Ball,Hydrangea paniculata,13029,Very dense,Mop-like panicle,4,6,NA,4.5,15.74361111,94.46166667,0,425.0775,425.0775,16:17,16:22,0,1,30,80,NA,NA,NA,NA,NA,NA,NA,NA,NA,NA,NA,NA,NA,NA,NA,NA,NA,NA,NA,0,3,,
75,7/29/2024,13C,211,E. Braatz,0,0,0,0,0,0,0,0,0,0,0,0,0,0,0,0,0,0,0,0,0,0,1,0,1,0,0,0,0,0,0,0,0,0,0,0,0,0,0,0,0,0,0,0,0,0,0,0,0,0,0,0,0,0,0,0,1,0,0,4,0,0,0,0,0,0,0,0,0,0,0,0,0,7,Fire Light,Hydrangea paniculata,18008B,Very dense,Mop-like panicle,NA,9.333333333,NA,71.4,24.08423611,224.7862037,0,16049.73494,16049.73494,14:53,14:58,0,1,65,78,NA,NA,NA,NA,NA,NA,NA,NA,2,NA,NA,NA,NA,NA,NA,NA,NA,NA,NA,2,9,,
76,7/29/2024,14C,211,E. Braatz,0,0,0,0,0,0,0,0,2,0,0,0,0,0,0,0,0,1,0,0,0,0,2,0,0,0,0,0,0,0,0,0,2,0,0,0,0,0,0,0,0,0,0,0,0,0,0,0,0,0,1,0,0,0,0,0,0,0,1,3,0,0,0,0,0,0,0,0,0,1,0,0,0,13,Fire Light,Hydrangea paniculata,18008A,Dense,Mop-like panicle,4,17.33333333,NA,94.3,23.07027778,399.8848148,0,37709.13804,37709.13804,15:09,15:14,0,1,65,78,NA,NA,NA,NA,NA,NA,NA,NA,3,NA,NA,NA,NA,NA,NA,NA,NA,NA,NA,3,16,,
77,7/29/2024,1C,211,E. Braatz,0,0,0,0,0,0,0,0,0,0,0,0,0,0,0,0,1,0,0,0,0,0,0,0,0,0,0,0,0,0,0,0,0,0,0,0,0,0,0,0,0,0,0,0,0,0,0,0,0,0,0,0,0,0,0,0,0,0,0,1,0,0,0,0,0,0,0,0,0,0,0,0,0,2,Ruby,Hydrangea paniculata,98053,NA,NA,NA,1.333333333,NA,46.2,5.276944444,7.035925926,0,325.0597778,325.0597778,14:35,14:40,1,1,65,78,NA,NA,NA,NA,NA,NA,NA,NA,NA,NA,NA,NA,NA,NA,NA,NA,NA,NA,NA,0,2,,"Very light sprinkle--sunny, but rained a bit"
78,7/29/2024,2C,211,E. Braatz,0,0,0,0,0,0,0,0,0,0,0,0,0,0,0,0,0,0,0,0,0,0,1,0,0,0,0,0,0,0,0,0,1,0,0,0,0,0,0,0,0,0,0,0,0,0,0,0,0,0,0,0,0,0,0,0,0,0,1,2,0,0,0,0,0,0,0,0,0,0,0,0,0,5,Pinky Winky,Hydrangea paniculata,14022,Half-open,Mop-like panicle,4,7,NA,47.1,14.92590278,104.4813194,0,4921.070146,4921.070146,16:49,16:54,0,1,30,80,2,NA,NA,1,NA,NA,NA,NA,NA,NA,NA,NA,NA,NA,NA,NA,NA,NA,NA,3,8,,
79,7/29/2024,2C,211,E. Braatz,0,0,0,0,0,0,0,0,0,0,0,0,0,0,0,0,0,0,0,0,0,0,0,0,0,0,0,0,0,0,0,0,0,0,0,0,0,0,0,0,0,1,0,0,0,0,0,0,0,0,0,0,0,0,0,0,0,0,0,4,0,0,0,0,0,0,0,0,0,0,0,0,0,5,Pinky Winky,Hydrangea paniculata,14022,Half-open,Mop-like panicle,4,7,NA,47.1,14.92590278,104.4813194,0,4921.070146,4921.070146,16:49,16:54,0,1,30,80,2,NA,NA,1,NA,NA,NA,NA,NA,NA,NA,NA,NA,NA,NA,NA,NA,NA,NA,3,8,,
80,7/29/2024,3E,211,E. Braatz,0,0,0,0,0,0,0,0,0,0,0,0,0,0,0,0,1,0,0,0,0,0,0,0,0,0,0,0,0,0,0,0,0,0,0,0,0,0,0,0,0,0,0,0,0,0,0,0,0,0,0,0,0,0,0,0,0,0,0,1,0,0,0,0,0,0,0,0,0,0,0,0,0,2,Bounty,Hydrangea arborescens,12019,Half-open,Mop,4,0.666666667,NA,528.4,46.00845139,30.67230093,0,16207.24381,16207.24381,17:22,17:26,0,1,25,81,NA,NA,NA,2,NA,NA,NA,NA,NA,NA,NA,NA,NA,NA,NA,NA,NA,NA,NA,2,4,,
81,7/29/2024,4C,211,E. Braatz,0,0,0,0,0,0,0,0,0,0,0,0,0,0,0,0,0,1,0,0,0,0,1,0,0,0,0,0,0,0,0,0,1,1,0,0,0,0,0,0,0,0,0,0,0,0,0,0,0,0,0,0,0,0,0,0,0,0,0,3,0,0,0,0,0,0,0,1,0,0,0,0,0,8,Little Lamb,Hydrangea paniculata,4054,Very dense,Mop-like panicle,4,12,NA,50,26.17756944,314.1308333,0,15706.54167,15706.54167,16:33,16:38,0,1,30,80,2,NA,NA,NA,NA,NA,NA,NA,1,NA,NA,NA,NA,NA,NA,NA,NA,NA,NA,3,11,,
82,7/29/2024,5E,211,E. Braatz,0,0,0,0,0,0,0,0,0,0,0,0,1,0,0,0,1,0,0,0,0,0,0,0,0,0,0,0,0,0,0,0,0,0,0,0,0,0,0,0,0,0,0,0,0,0,0,0,0,0,0,0,0,0,0,0,0,0,0,0,0,0,0,0,0,0,0,0,0,0,0,0,0,2,Annabelle,Hydrangea arborescens,65169,Dense,Mop,4,,3,478.5,97.34019468,0,1435.5,0,1435.5,17:36,17:41,0,1,25,81,NA,NA,NA,NA,NA,NA,NA,NA,NA,NA,NA,NA,NA,NA,NA,NA,NA,NA,NA,0,2,,
83,7/29/2024,8C,211,E. Braatz,0,0,0,0,0,0,0,0,0,0,0,0,0,0,0,0,1,0,0,0,1,0,0,0,0,0,0,0,0,0,0,0,0,0,0,0,0,0,0,0,0,0,0,0,0,0,0,0,0,0,0,0,0,0,0,0,0,0,0,0,0,0,0,0,0,0,0,0,0,0,0,0,0,2,Strawberry Shake,Hydrangea paniculata,18031A,Very dense,Mop-like panicle,4,8.666666667,NA,27.1,14.13,122.46,0,3318.666,3318.666,15:28,15:33,0,1,30,80,NA,NA,NA,NA,NA,NA,NA,NA,NA,NA,NA,NA,NA,NA,NA,NA,NA,NA,NA,0,2,,2 Agapostemon
84,7/29/2024,9C,211,E. Braatz,0,0,0,0,0,0,0,0,0,0,0,0,0,0,0,0,1,0,0,0,0,0,1,0,0,0,0,0,0,0,0,0,1,1,0,0,0,0,0,0,0,0,0,0,0,0,0,0,0,0,0,0,0,0,0,0,0,0,0,0,0,0,0,0,0,0,0,0,0,0,0,0,0,4,Pillow Talk,Hydrangea paniculata,14021,Very dense,Mop-like panicle,4,3.333333333,NA,120.2,17.44444444,58.14814815,0,6989.407407,6989.407407,15:40,15:45,0,1,30,80,NA,NA,NA,NA,NA,NA,NA,NA,NA,NA,NA,NA,NA,NA,NA,NA,NA,NA,NA,0,4,,
85,7/3/2024,11F,185,E. Braatz,0,0,0,0,0,0,0,0,0,0,0,0,0,0,0,1,2,0,0,0,0,0,1,0,0,1,0,0,0,0,0,0,0,0,0,0,0,0,0,0,0,0,0,0,0,0,0,0,0,0,0,0,0,0,0,0,0,0,0,2,0,0,0,0,0,0,0,0,0,0,0,0,0,7,Invincibelle® Ruby,Hydrangea arborescens,16026,Very dense,Mop,4,,82,119,5.767569444,0,9758,0,9758,16:01,16:09,0,2,10,85,NA,NA,NA,NA,NA,NA,NA,NA,NA,NA,NA,NA,NA,NA,NA,NA,NA,NA,NA,0,7,,7/3 to 7/17 are missing a lot of pannicle data because I forgot
86,7/3/2024,2F,185,E. Braatz,0,0,0,0,0,0,1,1,0,0,0,0,0,0,0,0,1,0,0,0,1,0,1,0,0,0,0,0,0,1,0,0,0,0,0,0,0,0,0,0,0,0,0,0,0,1,0,0,0,0,1,0,0,0,0,0,0,0,1,10,0,0,0,0,1,0,0,1,0,0,0,0,0,21,Silver Leaf,Hydrangea arborescens,Unknown,Open,Lacy,4,,52,390.5,9.8125,0,20306,0,20306,15:43,15:51,0,2,10,85,NA,2,NA,NA,NA,1,NA,NA,NA,NA,NA,NA,NA,NA,NA,NA,NA,NA,NA,3,24,,
87,7/30/2024,11E,212,E. Braatz,0,0,0,0,0,0,0,0,0,0,0,0,0,0,0,0,0,0,0,0,0,0,0,0,0,0,0,0,0,0,0,0,0,1,0,0,0,0,0,0,0,0,0,0,0,0,0,0,0,0,0,0,0,0,0,0,0,0,0,0,0,0,0,0,0,0,0,0,0,0,0,0,0,1,Seaside Serenade® Bar Harbor,Hydrangea arborescens,19008B,Dense,Mop,4,0.666666667,NA,388.8,22.3493763,14.8995842,0,5792.958336,5792.958336,16:53,16:58,0,2,80,87,NA,NA,NA,NA,NA,NA,NA,NA,NA,NA,NA,NA,NA,NA,NA,NA,NA,NA,NA,0,1,,
88,7/30/2024,2A,212,E. Braatz,0,0,0,0,0,0,0,0,0,0,0,0,0,0,0,0,1,0,0,0,0,0,0,0,0,0,0,0,0,0,0,0,0,1,0,0,0,0,0,0,0,0,0,0,0,0,0,0,0,0,0,0,0,0,0,0,0,0,0,0,0,0,0,0,0,0,0,0,0,0,0,0,0,2,Baby Lace,Hydrangea paniculata,16012,Open,Lacy panicle,4,2.666666667,NA,NA,#VALUE!,#VALUE!,#VALUE!,#VALUE!,NA,17:43,17:48,0,2,80,87,NA,NA,NA,NA,NA,NA,NA,NA,NA,NA,NA,NA,NA,NA,NA,NA,NA,NA,NA,0,2,,
89,7/30/2024,6A,212,E. Braatz,0,0,0,0,0,0,0,0,0,0,0,0,0,0,0,0,0,0,0,0,0,0,0,0,0,0,0,0,0,0,0,0,0,1,0,0,0,0,0,0,0,0,0,0,0,0,0,0,0,0,0,0,0,0,0,0,0,0,1,0,0,0,0,0,0,0,0,0,0,0,0,0,0,2,Honey Comb,Hydrangea paniculata,11031,Open,Lacy panicle,4,5.666666667,NA,189.5,40.6006628,230.0704225,0,43598.34507,43598.34507,17:19,17:24,0,2,80,87,1,NA,NA,1,NA,NA,NA,NA,3,NA,NA,NA,NA,NA,NA,NA,NA,NA,NA,5,7,,
90,7/30/2024,8A,212,E. Braatz,0,0,0,0,0,0,0,0,0,0,0,0,0,0,0,0,1,0,0,0,0,0,0,0,0,0,0,0,0,0,0,0,0,0,0,0,0,0,0,0,0,0,0,0,0,0,0,0,0,0,0,0,0,0,0,0,0,0,0,3,0,0,0,0,0,0,0,0,0,0,0,0,0,4,Mega Pearl,Hydrangea paniculata,1128,Dense,Mop-like panicle,4,11.33333333,NA,36.1,22.3493763,253.2929314,0,9143.874822,9143.874822,17:07,17:12,0,2,80,87,NA,1,NA,NA,NA,NA,NA,NA,1,NA,NA,NA,NA,2,NA,NA,NA,NA,NA,4,8,,
91,7/31/2024,12A,213,E. Braatz,0,0,0,0,0,0,0,1,0,0,0,0,0,0,0,0,0,0,0,0,0,0,0,0,0,0,0,0,0,0,0,0,0,0,0,0,0,0,0,0,0,0,0,0,0,0,0,0,0,0,0,0,0,0,0,0,0,0,1,1,0,0,0,0,0,0,0,0,0,0,0,0,0,3,Candy Apple,Hydrangea paniculata,20012,Dense,Mop-like panicle,4,8,NA,#N/A,#N/A,#N/A,#N/A,#N/A,NA,17:46,17:51,0,2,10,91,NA,NA,NA,NA,NA,NA,NA,NA,NA,NA,NA,NA,NA,NA,NA,NA,NA,NA,NA,0,3,,
92,7/8/2024,16C,190,E. Braatz,0,0,0,0,0,0,0,0,0,0,0,0,1,0,0,0,0,0,0,1,1,0,2,0,0,0,0,0,0,2,0,0,0,1,0,0,0,0,0,0,0,0,0,0,0,0,0,0,0,0,0,0,0,0,0,0,0,0,0,8,0,0,0,0,0,0,0,2,0,0,0,0,0,18,Quick Fire,Hydrangea paniculata,14001,Open,Lacy panicle,4,,NA,25.9,22.078125,,NA,NA,NA,15:52,16:00,0,1,10,80,NA,NA,NA,NA,NA,NA,NA,NA,NA,NA,NA,NA,NA,NA,NA,NA,NA,NA,NA,0,18,,
93,7/8/2024,5B,190,E. Braatz,0,0,0,0,0,0,0,1,0,0,0,0,2,0,0,0,1,0,0,0,0,0,0,0,0,0,0,0,0,0,0,0,0,4,0,0,0,0,0,0,0,0,0,0,0,1,0,0,0,0,0,0,0,0,1,0,0,0,1,12,0,0,0,0,0,0,0,3,0,0,0,0,0,26,Dharuma,Hydrangea paniculata,5026,Open,Lacy panicle,4,,318,5.5,2.440264603,0,1749,0,1749,3:20,3:28,0,1,25,80,NA,NA,NA,NA,NA,NA,NA,NA,NA,NA,NA,NA,NA,NA,NA,NA,NA,NA,NA,0,26,,
94,8/1/2024,10A,214,E. Braatz,0,0,0,0,0,0,0,0,0,0,0,0,0,0,0,0,0,0,0,0,0,0,5,0,0,0,0,2,0,1,2,0,0,0,0,0,0,0,0,0,0,0,0,0,0,0,0,0,0,0,0,0,0,0,1,0,2,0,0,6,0,0,0,0,0,0,0,0,0,0,0,0,0,19,Pinky Winky,Hydrangea paniculata,7045,Half-open,Lacy panicle,4,18,NA,79,3.893607787,70.08494017,0,5536.710273,5536.710273,10:42,10:47,0,2,100,81,1,NA,NA,3,NA,NA,NA,NA,1,NA,NA,NA,NA,NA,NA,NA,NA,NA,NA,5,24,,
95,8/1/2024,10B,214,E. Braatz,0,0,0,0,0,0,0,0,0,0,0,0,0,0,0,1,0,0,0,0,0,0,0,0,0,0,0,0,0,0,0,0,0,0,0,0,0,0,0,0,0,0,0,0,0,0,0,0,0,0,0,0,0,0,0,0,1,0,0,2,0,0,0,0,0,0,0,0,0,0,0,0,0,4,Pink Lady,Hydrangea paniculata,1005,Dense,Mop-like panicle,4,7,NA,125.2,10.28155806,71.97090644,0,9010.757487,9010.757487,13:31,13:36,0,2,90,79,NA,NA,NA,NA,NA,NA,NA,NA,2,NA,NA,NA,NA,NA,NA,NA,NA,NA,NA,2,6,,
96,8/1/2024,11B,214,E. Braatz,0,0,0,0,0,0,0,0,0,0,0,0,0,0,0,0,0,0,0,0,0,0,1,0,0,0,0,0,1,0,0,0,0,0,0,0,0,0,0,0,0,0,0,0,0,0,0,0,0,0,0,0,0,0,0,0,0,0,0,1,0,0,0,0,0,0,0,0,0,0,0,0,0,3,Strawberry Sundae,Hydrangea paniculata,15012,Open,Mop-like panicle,4,5.333333333,NA,269.7,20.44820062,109.05707,0,29412.69177,29412.69177,13:42,13:47,0,2,75,79,1,NA,NA,NA,NA,NA,NA,NA,1,NA,NA,NA,NA,NA,NA,NA,NA,NA,NA,2,5,,
97,8/1/2024,13B,214,E. Braatz,0,0,0,0,0,0,0,0,0,0,0,0,0,0,0,0,1,0,0,0,0,0,0,0,0,0,0,0,0,0,0,0,0,2,0,0,0,0,0,0,0,0,0,0,0,0,0,0,0,0,0,0,0,0,0,0,1,0,0,3,0,0,0,0,0,0,0,0,0,0,0,0,0,7,Pinky Winky,Hydrangea paniculata,7045,Dense,Lacy panicle,5,8.333333333,NA,91.2,4.569581361,38.07984468,0,3472.881835,3472.881835,14:00,14:05,0,2,75,79,1,NA,NA,NA,NA,NA,NA,NA,2,NA,NA,NA,NA,NA,NA,NA,NA,NA,NA,3,10,,
98,8/1/2024,15B,214,E. Braatz,0,0,0,0,0,0,0,0,0,0,0,0,0,0,0,0,0,0,0,0,0,0,1,0,0,0,0,0,0,0,0,0,1,1,0,0,0,0,0,0,0,0,0,0,0,0,0,0,0,0,0,0,0,1,0,0,1,0,0,0,0,0,0,0,0,0,0,0,0,0,0,0,0,5,Zinfin Doll,Hydrangea paniculata,15049,Half-open,Mop-like panicle,4,8,NA,107.9,4.057531379,32.46025103,0,3502.461086,3502.461086,14:10,14:15,0,2,75,79,NA,NA,NA,1,NA,NA,NA,NA,NA,NA,NA,NA,NA,NA,NA,NA,NA,NA,NA,1,6,,Lots of bracts
99,8/1/2024,16B,214,E. Braatz,0,0,0,0,0,0,0,0,0,0,0,0,0,1,0,0,0,0,0,0,0,0,1,0,1,0,0,0,0,0,0,0,0,2,0,0,0,0,0,0,0,0,0,0,0,1,0,0,0,0,2,0,0,0,0,0,0,0,0,7,0,0,0,0,0,0,0,0,0,0,0,0,0,15,Dolly,Hydrangea paniculata,1127,Dense,Lacy panicle,4,7.666666667,NA,126.2,8.045775467,61.68427858,0,7784.555956,7784.555956,14:48,14:53,0,2,60,84,1,NA,NA,NA,NA,NA,NA,NA,1,NA,NA,NA,NA,NA,NA,NA,NA,NA,NA,2,17,,
100,8/1/2024,19B,214,E. Braatz,0,0,0,0,0,0,0,0,0,0,0,0,0,0,0,0,1,0,0,0,1,0,0,0,0,0,0,0,0,0,0,0,0,1,0,0,0,0,0,0,0,0,0,0,0,0,0,0,0,0,0,0,0,0,0,0,0,0,5,4,0,0,0,0,0,0,0,0,0,0,0,0,0,12,Little Quick Fire,Hydrangea paniculata,14010,Open,Lacy panicle,NA,8.666666667,NA,69.4,10.81557719,93.73500228,0,6505.209159,6505.209159,11:18,11:23,0,2,90,81,NA,NA,NA,1,NA,NA,NA,NA,NA,NA,NA,NA,NA,NA,NA,NA,NA,NA,NA,1,13,,
101,8/1/2024,21B,214,E.Braatz,0,0,0,0,0,0,0,0,0,0,0,0,0,0,1,0,0,1,1,0,0,0,2,0,0,0,0,0,0,2,0,0,0,0,0,0,0,0,0,0,0,2,0,0,0,0,0,0,0,0,0,0,0,0,0,0,2,0,0,6,0,0,0,0,0,0,0,0,0,0,0,0,0,17,Great Star,Hydrangea paniculata,12020,Very dense,Lacy panicle,4,8.333333333,NA,150.7,36.67694444,305.6412037,0,46060.1294,46060.1294,10:58,11:03,0,2,90,81,2,NA,NA,3,NA,NA,NA,NA,NA,NA,NA,NA,NA,NA,NA,NA,NA,NA,NA,5,22,,
102,8/1/2024,23B,214,E. Braatz,0,0,0,0,0,0,0,0,0,1,0,0,0,0,0,0,0,0,0,0,0,0,0,0,0,0,0,0,0,0,0,0,0,1,0,0,0,0,0,0,0,0,0,0,0,0,0,0,0,1,0,0,1,0,0,0,0,0,0,3,0,0,0,0,0,0,0,0,0,0,0,0,0,7,Quick Fire Fabulous,Hydrangea paniculata,No tag,Dense,Mop-like panicle,5,7,NA,60.9,11.873125,83.111875,0,5061.513188,5061.513188,15:26,15:31,0,1,60,81,NA,NA,NA,NA,NA,NA,NA,NA,NA,NA,NA,NA,NA,NA,NA,NA,NA,NA,NA,0,7,,
103,8/1/2024,24B,214,E.Braatz,0,0,0,0,0,0,0,0,0,0,0,0,0,0,0,0,0,0,0,0,0,0,0,0,0,0,0,0,0,0,0,0,0,0,0,0,0,0,0,0,0,0,0,0,0,0,0,0,0,0,0,0,0,0,0,0,4,0,0,0,0,0,0,0,0,0,0,0,0,0,0,0,0,4,Little Lime Punch,Hydrangea paniculata,21040,Half-open,Mop-like panicle,4,,24,194.2,9.8125,0,4660.8,0,4660.8,14:23,14:27,0,1,30,84,1,NA,NA,NA,NA,NA,NA,NA,NA,NA,NA,NA,NA,NA,NA,NA,NA,NA,NA,1,5,,
104,8/1/2024,26B,214,E. Braatz,0,0,0,0,0,0,0,0,0,0,0,0,0,0,0,0,0,0,0,0,0,0,1,0,0,0,0,0,0,1,0,0,0,0,0,0,0,0,0,0,0,0,0,0,0,0,0,0,0,0,0,0,0,0,0,0,0,0,0,1,0,0,0,0,0,0,0,0,0,0,0,0,0,3,Berry White,Hydrangea paniculata,21026,Half-open,Mop-like panicle,4,2.666666667,NA,86.42857,15.74361111,41.98296296,0,3628.527453,3628.527453,15:01,15:06,0,1,50,84,NA,NA,NA,NA,NA,NA,NA,NA,NA,NA,NA,NA,NA,NA,NA,NA,NA,NA,NA,0,3,,
105,8/1/2024,2B,214,E. Braatz,0,0,0,0,0,0,0,0,0,1,0,0,0,0,0,0,0,0,0,0,0,0,0,0,0,0,0,0,0,0,0,0,0,0,0,0,0,0,0,0,0,0,0,0,0,0,0,0,0,0,0,0,0,0,0,0,2,0,0,0,0,0,0,0,0,0,0,0,0,0,0,0,0,3,Phantom,Hydrangea paniculata,1004,Half-open,Mop-like panicle,4,4.666666667,NA,174.4,120.203125,560.9479167,0,97829.31667,97829.31667,12:15,12:17,0,2,35,81,NA,NA,NA,NA,NA,NA,NA,NA,NA,NA,NA,NA,NA,NA,NA,NA,NA,NA,NA,0,3,,Ended sampling early because vacuum battery died
106,8/1/2024,3A,214,E. Braatz,0,0,0,0,0,0,0,0,0,0,0,0,0,0,0,0,1,0,0,0,0,0,2,0,0,0,0,0,0,0,0,0,2,0,0,0,0,0,0,0,0,0,0,0,0,0,0,0,0,0,0,0,0,0,0,0,3,0,0,2,0,0,0,0,1,0,0,0,0,0,0,0,1,12,Sweet Summer,Hydrangea paniculata,12022,Dense,Mop-like panicle,4,17,NA,361,22.3493763,379.939397,0,137158.1223,137158.1223,9:23,9:28,0,2,100,76,NA,NA,NA,NA,NA,NA,NA,NA,NA,NA,NA,NA,NA,NA,NA,NA,NA,NA,NA,0,12,,
107,8/1/2024,3B,214,E.Braatz,0,0,0,0,0,0,0,0,0,0,0,0,0,0,0,0,0,0,0,0,0,0,0,0,0,0,0,0,0,0,0,0,0,1,0,0,0,0,0,0,0,0,0,0,0,1,0,0,0,0,0,0,0,0,0,0,0,0,0,1,0,0,0,0,0,0,0,0,0,0,0,0,0,3,Little Lime,Hydrangea paniculata,10040,Very dense,Mop-like panicle,4,,1,NA,#VALUE!,#VALUE!,#VALUE!,#VALUE!,NA,12:04,12:09,0,2,35,81,NA,NA,NA,NA,NA,NA,NA,NA,NA,NA,NA,NA,NA,NA,NA,NA,NA,NA,NA,0,3,,Many bracts and few flowers
108,8/1/2024,5A,214,E. Braatz,0,0,0,0,0,0,0,0,0,0,0,0,0,0,0,0,0,0,0,0,2,1,0,0,0,0,0,0,0,0,0,0,0,0,0,0,0,0,0,0,0,0,0,0,0,0,0,0,0,0,0,0,0,0,0,0,0,0,0,2,0,0,0,0,0,0,0,0,0,0,0,0,0,5,Quick Fire,Hydrangea paniculata,5079,Open,Lacy panicle,4,20.33333333,NA,98.6,38.02351355,773.1447755,0,76232.07486,76232.07486,9:36,9:41,0,2,100,76,NA,1,NA,1,NA,NA,NA,NA,1,NA,NA,NA,NA,2,NA,NA,NA,NA,NA,5,10,,
109,8/1/2024,5B,214,E. Braatz,0,0,0,0,0,0,0,0,0,0,0,0,0,0,0,0,0,0,0,0,0,0,0,0,0,0,0,0,0,0,0,0,0,0,0,0,0,0,0,0,0,0,0,0,0,0,0,0,0,0,0,0,0,0,0,0,0,0,0,2,0,0,0,0,0,0,0,0,0,0,0,0,0,2,Dharuma,Hydrangea paniculata,5026,Open,Lacy panicle,4,0,NA,5.5,2.440264603,0,0,0,0,11:54,11:59,0,2,35,81,NA,NA,NA,NA,NA,NA,NA,NA,NA,NA,NA,NA,NA,NA,NA,NA,NA,NA,NA,0,2,,Not blooming--only buds and bracts
110,8/1/2024,6B,214,E. Braatz,0,0,0,0,0,0,0,0,0,0,0,0,0,0,0,0,1,1,0,0,0,0,5,0,0,0,0,0,0,0,0,0,5,2,0,0,0,0,0,0,0,0,0,0,0,1,0,0,0,0,1,0,0,0,0,0,2,0,1,4,0,0,0,0,0,0,0,1,0,0,0,0,0,24,Mega Pearl,Hydrangea paniculata,1128,Half-open,Lacy panicle,4,21,NA,154.8,2.981043462,62.6019127,0,9690.776087,9690.776087,11:42,11:47,0,2,35,81,2,NA,NA,2,NA,NA,NA,NA,NA,NA,NA,NA,NA,NA,NA,NA,NA,NA,NA,4,28,,
111,8/1/2024,7A,214,E. Braatz,0,0,0,0,0,0,0,1,0,0,0,0,3,0,0,0,0,0,0,0,0,0,0,0,0,0,0,0,0,0,0,0,0,0,0,0,0,0,0,0,0,0,0,0,0,0,0,0,0,0,0,0,0,0,1,0,3,0,1,1,0,0,0,0,0,0,0,0,0,0,0,0,0,10,Tickled Pink,Hydrangea paniculata,11044,Half-open,Mop-like panicle,4,18,NA,174.2,10.81557719,194.6803894,0,33913.32383,33913.32383,9:50,9:55,0,2,100,76,2,1,NA,3,NA,NA,NA,NA,1,NA,NA,NA,NA,NA,NA,NA,NA,NA,NA,7,17,,
112,8/1/2024,8B,214,E. Braatz,0,0,0,0,0,0,0,0,0,0,0,0,0,0,0,0,0,1,0,0,0,0,0,0,0,0,0,0,0,0,0,0,0,1,0,0,0,0,0,0,0,0,0,0,0,0,0,0,0,0,0,0,0,0,0,0,0,0,0,0,0,0,0,0,0,0,0,0,0,0,0,0,0,2,Quick Fire,Hydrangea paniculata,5079,Open,Lacy panicle,4,7.333333333,NA,138.7,6.083762168,44.6142559,0,6187.997293,6187.997293,11:30,11:35,0,2,100,81,NA,NA,NA,1,NA,NA,NA,NA,NA,NA,NA,NA,NA,NA,NA,NA,NA,NA,NA,1,3,,feels about to rain 
113,8/1/2024,9A,214,E. Braatz,0,0,0,0,0,0,0,0,0,0,0,0,1,0,0,0,0,0,0,0,0,0,0,0,0,0,0,0,0,0,0,0,0,0,0,0,0,0,0,0,0,0,0,0,0,0,0,0,0,0,0,0,0,0,0,0,1,0,0,2,0,0,0,0,1,0,0,0,0,0,0,0,0,5,Fire & Ice,Hydrangea paniculata,12021,Open,Lacy panicle,4,12.33333333,NA,97.8,16.89933935,208.4251854,0,20383.98313,20383.98313,10:04,10:09,0,2,100,76,1,1,NA,1,NA,NA,NA,NA,NA,NA,NA,NA,NA,NA,NA,NA,NA,NA,NA,3,8,,
114,8/1/2024,9B,214,E. Braatz,0,0,0,0,0,0,0,0,0,0,0,0,0,1,0,0,0,1,0,0,0,0,0,0,0,0,0,0,0,0,0,0,0,0,0,0,0,0,0,0,0,0,0,0,0,0,0,0,0,0,0,0,0,0,0,0,0,0,0,2,0,0,0,0,0,0,0,0,0,0,0,0,0,4,Silver Dollar,Hydrangea paniculata,1006,Dense,Mop-like panicle,4,6.666666667,NA,41.2,4.569581361,30.46387574,0,1255.111681,1255.111681,15:12,15:17,0,2,70,81,NA,NA,NA,NA,NA,NA,NA,NA,NA,NA,NA,NA,NA,NA,NA,NA,NA,NA,NA,0,4,,
115,8/13/2024,19D,226,J. Goldsby,0,0,0,0,0,0,0,0,0,0,0,0,0,0,0,0,0,0,0,0,0,0,1,0,0,0,0,0,0,0,0,0,1,0,0,0,0,0,0,0,0,0,0,0,0,0,0,0,0,0,0,0,0,0,0,0,0,0,0,0,0,0,0,0,0,0,0,0,0,0,0,0,0,2,Puffer Fish,Hydrangea paniculata,2023-030,Half-open,Mop-like panicle,4,6,NA,55.8,6.28,37.68,0,2102.544,2102.544,13:38,13:43,0,2,15,83,NA,NA,NA,NA,NA,NA,NA,NA,1,NA,NA,NA,NA,NA,NA,NA,NA,NA,NA,1,3,,
116,8/13/2024,1D,226,J. Goldsby,0,0,0,0,0,0,0,0,0,0,0,0,0,0,0,0,0,0,0,0,0,0,0,0,0,0,0,0,0,0,0,0,0,0,0,0,0,0,0,0,0,0,0,0,0,1,0,0,0,0,0,0,0,0,0,0,0,0,0,0,0,0,0,0,0,0,0,0,0,0,0,0,0,1,Floribunda,Hydrangea paniculata,87273-0,Open,Lacy panicle,4,1.666666667,NA,243,8.547777778,14.2462963,0,3461.85,3461.85,13:29,13:34,0,1,15,83,5,NA,NA,NA,NA,NA,NA,NA,1,NA,NA,NA,NA,NA,1,NA,NA,NA,NA,7,8,,
117,8/13/2024,2D,226,J. Goldsby,0,0,0,0,0,0,0,0,0,0,0,0,0,0,0,0,0,0,0,0,0,0,1,0,0,0,0,0,0,0,0,0,1,0,0,0,0,0,0,0,0,0,0,0,0,0,0,0,0,0,0,0,0,0,0,0,0,0,0,0,0,0,0,0,0,0,0,0,0,0,0,0,0,2,Little Lime,Hydrangea paniculata,10040,Dense,Mop-like panicle,4,,12,29.33333,1.57,0,351.99996,0,351.99996,13:47,13:52,0,1,15,83,1,NA,NA,NA,NA,NA,NA,NA,NA,NA,NA,NA,NA,NA,NA,NA,NA,NA,NA,1,3,,
118,8/13/2024,3D,226,E. Braatz,0,0,0,0,0,0,0,0,0,0,0,0,1,0,0,0,0,0,0,0,0,0,1,1,0,0,0,0,0,0,0,0,0,0,0,0,0,0,0,0,0,0,0,0,0,0,0,0,0,0,0,0,0,0,0,0,0,0,1,1,0,0,0,0,0,0,0,0,0,0,0,0,0,5,Vanilla Strawberry,Hydrangea paniculata,10063,Half-open,Mop-like panicle,5,12.66666667,NA,349.6,48.94256944,619.939213,0,216730.7489,216730.7489,13:58,14:03,0,1,25,82,4,NA,NA,NA,NA,NA,NA,NA,2,NA,NA,NA,NA,NA,1,NA,NA,NA,NA,7,12,,
119,8/13/2024,4D,226,E. Braatz,0,0,0,0,0,0,0,0,0,0,0,0,1,0,0,0,0,0,0,0,1,0,0,0,0,0,0,0,0,0,0,0,0,0,0,0,0,0,0,0,0,0,0,0,0,0,0,0,0,0,0,0,0,0,0,0,0,0,0,0,0,0,0,0,0,0,0,0,0,0,0,0,0,2,Great Star,Hydrangea paniculata,12020,Open,Lacy panicle,4,1.666666667,NA,167.9,43.273125,72.121875,0,12109.26281,12109.26281,14:13,14:18,0,1,30,82,4,NA,NA,NA,NA,NA,NA,NA,1,NA,NA,NA,NA,NA,NA,NA,NA,NA,NA,5,7,,
120,8/14/2024,11D,227,J. Goldsby,0,0,0,0,0,0,0,0,0,0,0,0,1,0,0,1,0,0,0,0,1,0,3,0,0,0,0,0,0,1,0,0,2,0,0,0,0,0,0,0,0,0,0,0,0,0,0,0,0,0,2,0,0,0,0,0,0,0,0,1,0,0,0,0,0,0,0,0,0,0,0,0,0,12,Kyushu,Hydrangea paniculata,93021,Open,Lacy panicle,NA,13.33333333,NA,404.7,25.12,334.9333333,0,135547.52,135547.52,10:12,10:17,0,1,20,76,8,NA,NA,2,NA,NA,NA,NA,2,NA,NA,NA,NA,NA,1,NA,NA,NA,NA,13,25,,Also 1 moth/butterfly
121,8/14/2024,12D,227,J. Goldsby,0,0,0,0,0,0,0,0,0,0,0,0,0,0,0,0,0,0,0,0,0,0,0,0,0,0,0,0,0,0,0,0,0,0,0,0,0,0,0,0,0,0,0,0,0,0,0,0,0,0,0,0,0,0,0,0,0,0,0,3,0,0,0,0,0,0,0,0,0,0,0,0,0,3,Phantom,Hydrangea paniculata,1004,Dense,Mop-like panicle,4,24,NA,98.3,56.52,1356.48,0,133341.984,133341.984,10:24,10:29,0,1,25,76,5,NA,NA,4,NA,NA,NA,NA,2,NA,NA,NA,NA,NA,NA,NA,NA,NA,NA,11,14,,
122,8/14/2024,15D,227,J. Goldsby,0,0,0,0,0,0,0,0,0,0,0,0,0,1,0,0,0,0,0,0,0,0,0,0,0,0,0,0,0,0,0,0,0,0,0,0,0,0,0,0,0,0,0,0,0,0,0,0,0,0,0,0,0,0,0,0,0,0,0,1,0,0,0,0,1,0,0,1,0,0,0,0,0,4,Tickled Pink,Hydrangea paniculata,11044,Dense,Lacy panicle,4,7,NA,88.6,11.873125,83.111875,0,7363.712125,7363.712125,11:00,11:05,0,2,40,78,3,NA,NA,2,NA,NA,NA,NA,NA,NA,NA,NA,NA,NA,1,NA,NA,NA,NA,6,10,,
123,8/14/2024,16D,227,J. Goldsby,0,0,0,0,0,0,0,0,0,0,0,0,0,0,0,0,0,0,0,0,0,0,0,0,0,0,0,0,0,0,0,0,0,0,0,0,0,0,0,0,0,0,0,0,0,0,0,0,0,0,1,0,0,0,0,0,0,0,0,2,0,0,0,0,0,0,0,0,0,0,0,0,0,3,Green Spire,Hydrangea paniculata,95054,Open,Lacy panicle,4,4.166666667,NA,109.8,44.65777778,186.0740741,0,20430.93333,20430.93333,11:14,11:19,0,2,55,78,8,NA,NA,6,NA,NA,NA,NA,2,NA,NA,NA,NA,NA,1,NA,NA,NA,NA,17,20,,Also 1 butterfly/moth (same color as 11D)
124,8/14/2024,17D,227,J. Goldsby,0,0,0,0,0,0,0,0,0,0,0,0,0,0,0,0,0,1,0,0,0,0,0,0,0,0,0,0,0,0,0,0,0,0,0,0,0,0,0,0,0,0,0,0,0,0,0,0,0,0,0,0,0,0,0,0,0,0,1,3,0,0,0,0,0,0,0,0,0,0,0,0,0,5,Pink Lady,Hydrangea paniculata,1005,Very dense,Mop-like panicle,4,6,NA,91.7,22.078125,132.46875,0,12147.38438,12147.38438,11:26,11:31,0,1,30,78,3,NA,NA,2,NA,NA,NA,NA,1,NA,NA,NA,NA,NA,1,NA,NA,NA,NA,7,12,,
125,8/14/2024,18D,227,J. Goldsby,0,0,0,0,0,0,0,1,0,0,0,0,0,0,0,0,0,1,0,0,0,0,0,0,0,0,0,0,0,0,0,0,0,0,0,0,0,0,0,0,0,0,0,0,0,0,0,0,0,0,0,0,0,0,0,0,0,0,0,2,0,0,0,0,0,0,0,0,0,0,0,0,0,4,Bobo,Hydrangea paniculata,12031B,Half-open,Mop-like panicle,4,14.33333333,NA,72.1,16.583125,237.6914583,0,17137.55415,17137.55415,11:39,11:44,0,2,30,78,2,NA,NA,NA,NA,NA,NA,NA,2,NA,NA,NA,NA,NA,1,NA,NA,NA,NA,5,9,,
126,8/14/2024,21D,227,J. Goldsby,0,0,0,0,1,1,0,0,0,0,0,0,0,0,0,0,1,0,0,0,1,0,0,0,0,0,0,0,0,0,0,0,0,0,0,0,0,0,0,0,0,0,0,0,0,0,0,0,0,0,0,0,0,0,0,0,0,0,0,0,0,0,0,0,0,0,0,0,1,0,0,0,0,5,Candy Apple,Hydrangea paniculata,20012A,Very dense,Mop-like panicle,5,13.66666667,NA,76.9,6.814236111,93.12789352,0,7161.535012,7161.535012,10:46,10:51,0,1,40,77,2,NA,NA,1,NA,NA,NA,NA,NA,NA,NA,NA,NA,NA,NA,NA,NA,NA,NA,3,8,,
127,8/14/2024,4F,227,J. Goldsby,0,0,0,0,0,0,0,0,0,0,0,0,0,0,0,0,1,0,0,0,0,0,0,0,0,0,0,0,0,0,0,0,0,0,0,0,0,0,0,0,0,0,0,0,0,0,0,0,0,0,1,0,0,0,0,0,0,0,0,0,0,0,0,0,0,0,0,0,0,1,0,0,0,3,Haas Halo,Hydrangea arborescens,18022,Open,Lacy,3,5,NA,563.4285714,25.12,125.6,0,70766.62857,70766.62857,12:49,12:54,0,1,50,80,NA,NA,NA,8,NA,NA,NA,NA,NA,NA,NA,NA,NA,NA,NA,NA,NA,NA,NA,8,11,,
128,8/14/2024,6F,227,J. Goldsby,0,0,0,0,0,0,0,0,0,0,0,0,0,0,0,0,0,0,0,0,0,0,1,0,0,0,0,0,0,0,0,0,1,0,0,0,0,0,0,0,0,0,0,0,0,0,0,0,0,0,0,0,0,0,0,0,0,0,0,0,0,0,0,0,0,0,0,0,0,0,0,0,0,2,Invincibelle® Spirit II,Hydrangea arborescens,16027,Dense,Mop,4,,3,684,22.078125,0,2052,0,2052,13:28,13:33,0,23,65,82,NA,NA,NA,1,NA,NA,NA,NA,NA,NA,NA,NA,NA,NA,NA,NA,NA,NA,NA,1,3,,
129,8/14/2024,7D,227,J. Goldsby,0,0,0,0,0,0,0,0,0,0,0,0,0,2,0,0,0,0,0,0,1,0,0,0,0,0,0,0,0,0,0,0,0,0,0,0,0,0,0,0,0,0,0,0,0,0,0,0,0,0,0,0,0,0,0,0,1,0,0,3,0,0,0,0,0,0,0,0,0,0,0,0,0,7,Pink Diamond,Hydrangea paniculata,97033,Open,Lacy panicle,4,16,NA,160.7,39.25,628,0,100919.6,100919.6,8:44,8:49,0,0,5,68,3,NA,NA,4,NA,NA,NA,NA,2,NA,NA,NA,NA,NA,1,NA,NA,NA,NA,10,17,,
130,8/14/2024,8D,227,J. Goldsby,0,0,0,0,0,0,0,0,0,0,0,0,1,0,0,0,2,0,0,0,0,0,1,0,0,0,0,0,0,0,0,0,1,0,0,0,0,0,0,0,0,0,0,0,0,0,0,0,0,0,0,0,0,0,0,0,0,0,0,1,0,0,0,0,0,0,0,0,0,0,0,0,0,6,Lime Light,Hydrangea paniculata,1072,Very dense,Mop-like panicle,4,12,NA,104.4,39.25,471,0,49172.4,49172.4,8:59,9:04,0,1,5,72,3,NA,NA,3,NA,NA,NA,NA,2,NA,NA,NA,NA,NA,NA,NA,NA,NA,NA,8,14,,
131,8/2/2024,16C,215,E. Braatz,0,0,0,0,0,0,0,0,0,0,0,0,0,0,0,0,0,0,0,0,1,0,0,0,0,0,0,0,0,0,0,0,0,0,0,0,0,0,0,0,0,0,0,2,0,0,0,0,0,0,2,0,0,0,0,0,0,0,0,0,0,0,0,0,0,0,0,0,0,0,0,0,0,5,Quick Fire,Hydrangea paniculata,14001,Open,Lacy panicle,4,6.333333333,NA,25.9,22.078125,139.828125,0,3621.548438,3621.548438,10:52,10:57,0,2,40,79,1,1,NA,NA,NA,NA,NA,NA,3,NA,NA,NA,NA,1,1,NA,NA,1,NA,8,13,,
132,8/2/2024,19D,215,E. Braatz,0,0,0,0,0,0,0,0,0,0,0,0,0,0,0,0,0,1,0,0,0,0,5,0,0,0,1,0,0,1,0,0,3,2,0,0,0,0,0,0,0,0,0,0,0,0,0,0,0,0,0,0,0,0,0,0,3,0,0,5,0,0,0,0,0,0,0,0,0,0,0,0,0,21,Puffer Fish,Hydrangea paniculata,2023-030,Half-open,Mop-like panicle,4,15,NA,55.8,6.28,94.2,0,5256.36,5256.36,11:07,11:12,0,2,35,79,1,NA,NA,NA,NA,NA,NA,NA,NA,NA,NA,NA,NA,NA,NA,NA,NA,NA,NA,1,22,,
133,8/2/2024,3D,215,E. Braatz,0,0,0,0,0,0,0,0,0,0,0,0,1,1,0,0,1,0,0,0,0,0,0,0,0,0,0,0,0,0,0,0,0,1,0,0,0,0,0,0,0,0,0,0,0,0,0,0,0,0,0,0,0,0,0,0,0,0,0,3,0,0,0,0,0,0,0,0,0,0,0,0,0,7,Vanilla Strawberry,Hydrangea paniculata,10063,Half-open,Mop-like panicle,5,12,NA,349.6,48.94256944,587.3108333,0,205323.8673,205323.8673,11:20,11:25,0,2,35,79,NA,NA,NA,NA,NA,NA,NA,NA,1,NA,NA,NA,NA,NA,NA,NA,NA,NA,NA,1,8,,
134,8/2/2024,5D,215,E. Braatz,0,0,0,0,0,0,0,0,0,0,0,0,0,0,0,0,0,0,0,0,0,0,0,0,0,0,0,0,0,0,0,0,0,1,0,0,0,0,0,0,0,0,0,0,0,0,0,0,1,0,0,0,0,0,0,0,1,0,0,1,0,0,0,0,0,0,0,0,0,0,0,0,0,4,Brussels Lace,Hydrangea paniculata,96102,Open,Lacy panicle,4,9,NA,492.1,18.32756944,164.948125,0,81170.97231,81170.97231,11:32,11:37,0,2,35,79,2,NA,NA,1,NA,NA,NA,NA,3,NA,NA,NA,NA,NA,NA,NA,NA,NA,NA,6,10,,
135,8/2/2024,6F,215,E. Braatz,0,0,0,0,0,0,0,0,0,0,0,0,0,0,0,0,0,0,0,0,0,0,1,0,0,0,1,0,0,0,0,0,0,0,0,0,0,0,0,0,0,0,0,0,0,0,0,0,0,0,0,0,0,0,0,0,0,0,0,0,0,0,0,0,0,0,0,0,0,0,0,0,0,2,Invincibelle® Spirit II,Hydrangea arborescens,16027,Dense,Mop,4,,2,684,22.078125,0,1368,0,1368,10:20,10:25,0,2,70,75,NA,NA,NA,1,NA,NA,NA,NA,NA,NA,NA,NA,NA,NA,NA,NA,NA,NA,NA,1,3,,Mostly done blooming--only 2 blooms left
136,8/20/2024,1D,233,G. Meneses,0,0,1,0,0,1,0,0,0,0,0,0,0,0,0,0,0,0,0,0,0,0,0,0,0,0,0,0,0,0,0,0,0,0,0,0,0,0,0,0,0,0,0,0,0,0,0,0,0,0,1,0,0,0,0,0,0,0,0,1,0,0,0,0,0,0,0,0,0,0,0,0,0,4,Floribunda,Hydrangea paniculata,87273-0,Open,Lacy panicle,4,,34,243,8.547777778,0,8262,0,8262,13:26,13:31,0,1,15,70,2,NA,NA,NA,NA,NA,NA,NA,1,NA,NA,NA,NA,NA,NA,NA,NA,NA,NA,3,7,,
137,8/20/2024,2D,233,G. Meneses,0,0,0,0,1,1,0,0,0,0,0,0,0,0,0,0,0,0,0,0,0,0,0,0,0,0,0,0,0,0,0,0,0,0,0,0,0,0,0,0,0,0,0,0,0,0,0,0,0,0,0,0,0,0,0,0,0,0,0,0,0,0,0,0,0,0,0,0,0,0,0,0,0,2,Little Lime,Hydrangea paniculata,10040,Dense,Mop-like panicle,4,,6,29.33333,1.57,0,175.99998,0,175.99998,13:40,13:45,0,1,15,70,NA,NA,NA,NA,NA,NA,NA,NA,NA,NA,NA,NA,NA,NA,NA,NA,NA,NA,NA,0,2,,5 petal common
138,8/20/2024,3D,233,G. Meneses,1,0,2,0,1,1,0,0,1,0,0,0,0,0,0,0,0,0,0,0,1,0,0,0,0,0,0,0,0,0,0,0,0,0,0,0,0,0,0,0,0,0,0,0,0,0,0,0,0,0,0,0,0,0,0,0,0,0,0,0,0,0,0,0,0,0,0,0,0,0,0,0,0,7,Vanilla Strawberry,Hydrangea paniculata,10063,Half-open,Mop-like panicle,5,12.33333333,NA,349.6,48.94256944,603.6250231,0,211027.3081,211027.3081,13:52,13:57,0,1,15,70,5,NA,NA,1,NA,NA,NA,NA,3,1,1,NA,NA,NA,NA,NA,NA,1,NA,12,19,,
139,8/20/2024,4D,233,G. Meneses,0,0,0,0,0,0,0,0,0,0,0,0,0,0,0,0,0,0,0,0,0,0,0,0,0,0,0,0,0,0,0,0,0,0,0,0,0,0,0,0,0,0,0,0,1,1,0,0,0,0,0,0,0,0,0,0,0,0,0,1,0,0,0,0,0,0,0,0,0,0,0,0,0,3,Great Star,Hydrangea paniculata,12020,Open,Lacy panicle,4,3,NA,167.9,43.273125,129.819375,0,21796.67306,21796.67306,14:06,14:11,0,1,10,71,2,NA,NA,2,NA,NA,NA,NA,2,NA,NA,NA,NA,NA,2,NA,NA,NA,NA,8,11,,2 unknown skippers
140,8/20/2024,5D,233,G. Meneses,0,0,3,0,0,1,0,0,0,0,0,0,0,0,0,0,0,0,0,0,0,0,0,0,0,0,0,0,0,0,0,0,0,0,0,0,0,0,0,0,0,0,0,0,0,0,1,0,0,0,1,0,0,0,0,0,0,0,0,0,0,0,0,0,0,0,0,0,0,0,0,0,0,6,Brussels Lace,Hydrangea paniculata,96102,Open,Lacy panicle,4,13.66666667,NA,492.1,18.32756944,250.4767824,0,123259.6246,123259.6246,14:19,14:24,0,1,15,71,2,NA,NA,1,NA,NA,NA,NA,2,NA,NA,NA,NA,NA,NA,NA,NA,NA,NA,5,11,,"Only tops of panicles blooming, very small"
141,8/20/2024,6D,233,G. Meneses,0,0,1,0,1,1,0,0,0,0,0,0,0,0,0,1,0,1,0,0,0,0,0,0,0,0,0,0,0,0,0,0,0,0,0,0,0,0,1,0,0,0,0,0,0,0,0,0,0,0,0,0,0,0,0,0,1,0,0,0,0,0,0,0,0,0,0,0,0,0,0,0,0,7,Strawberry Sundae,Hydrangea paniculata,15055,Dense,Mop-like panicle,4,7.333333333,NA,42.8,31.7925,233.145,0,9978.606,9978.606,14:32,14:37,0,2,15,71,2,NA,NA,1,NA,NA,NA,NA,2,NA,NA,NA,NA,NA,NA,NA,NA,NA,NA,5,12,,2 hummingbirds outside survey
142,8/20/2024,7D,233,G. Meneses,0,1,2,0,0,1,0,0,0,0,0,0,0,0,0,0,0,0,0,0,1,0,0,0,0,0,0,0,0,0,0,0,0,0,0,0,0,0,0,0,1,0,0,0,0,0,0,0,0,0,0,0,0,1,0,0,0,0,0,0,0,0,0,0,0,0,0,0,0,0,0,0,0,7,Pink Diamond,Hydrangea paniculata,97033,Open,Lacy panicle,4,7,NA,160.7,39.25,274.75,0,44152.325,44152.325,14:43,14:48,0,2,15,71,4,NA,NA,2,NA,NA,NA,NA,5,NA,NA,NA,NA,NA,1,NA,NA,1,NA,13,20,,
143,8/21/2024,11D,234,J. Goldsby,0,0,0,0,0,0,0,0,0,0,0,0,0,0,0,0,0,0,0,0,0,0,1,0,0,0,0,0,0,0,0,0,1,0,0,0,0,0,0,0,0,0,0,0,0,0,0,0,0,0,0,0,0,0,0,0,0,0,0,0,0,0,0,0,0,0,0,0,0,0,0,0,0,2,Kyushu,Hydrangea paniculata,93021,Open,Lacy panicle,NA,29,NA,404.7,25.12,728.48,0,294815.856,294815.856,9:21,9:26,0,1,10,62,2,NA,NA,4,NA,NA,NA,NA,1,NA,NA,NA,NA,NA,NA,NA,NA,NA,NA,7,9,,
144,8/21/2024,13C,234,J. Goldsby,0,0,0,0,0,0,0,0,0,0,0,0,0,0,0,0,0,0,0,0,0,0,2,0,2,0,0,0,0,0,0,0,0,0,0,0,0,0,0,0,0,0,0,0,0,0,0,0,0,0,0,0,0,0,0,0,0,0,0,0,0,0,0,0,0,0,0,0,0,0,0,0,0,4,Fire Light,Hydrangea paniculata,18008B,Very dense,Mop-like panicle,NA,,NA,71.4,24.08423611,0,NA,NA,NA,11:17,11:22,0,1,3,68,NA,NA,NA,1,NA,NA,NA,NA,NA,NA,NA,NA,NA,NA,1,NA,NA,NA,NA,2,6,,
145,8/21/2024,13D,234,J. Goldsby,0,0,0,0,0,0,0,0,0,0,0,0,0,0,0,0,0,0,0,0,3,0,3,0,2,0,0,0,0,0,0,0,1,0,0,0,0,0,0,0,0,0,0,0,0,0,0,0,0,0,0,0,0,0,0,0,0,0,0,0,0,0,0,0,0,0,0,0,0,1,0,0,0,10,Ruby,Hydrangea paniculata,98053,Half-open,Mop-like panicle,4,14.33333333,NA,232.8,35.423125,507.7314583,0,118199.8835,118199.8835,9:37,9:42,0,1,5,62,7,NA,NA,4,NA,NA,NA,NA,2,NA,NA,NA,NA,NA,NA,NA,NA,NA,NA,13,23,,
146,8/21/2024,15D,234,J. Goldsby,0,0,0,0,0,0,0,0,0,0,0,0,0,0,0,0,0,1,0,0,0,0,0,0,0,0,0,0,0,0,0,0,0,1,0,0,0,0,0,0,0,0,0,0,0,0,0,0,0,0,0,0,0,0,0,0,0,0,0,0,0,0,0,0,0,0,0,0,0,0,0,0,0,2,Tickled Pink,Hydrangea paniculata,11044,Dense,Lacy panicle,4,,15,88.6,11.873125,0,1329,0,1329,9:56,10:01,0,0,2,62,NA,NA,NA,1,NA,NA,NA,NA,2,NA,NA,NA,NA,NA,NA,NA,NA,NA,NA,3,5,,
147,8/21/2024,17D,234,E. Braatz,0,0,0,0,0,0,0,0,0,0,0,0,0,0,0,0,0,0,0,0,0,0,1,0,0,0,0,0,0,0,0,0,1,0,0,0,0,0,0,0,0,0,0,0,0,0,0,0,0,0,0,0,0,0,0,0,0,0,0,0,0,0,0,0,0,0,0,0,0,0,0,0,0,2,Pink Lady,Hydrangea paniculata,1005,Very dense,Mop-like panicle,4,8,NA,91.7,22.078125,176.625,0,16196.5125,16196.5125,10:24,10:29,0,1,2,65,2,NA,NA,NA,NA,NA,NA,NA,NA,NA,NA,NA,NA,NA,NA,NA,NA,NA,NA,2,4,,
148,8/21/2024,18D,234,J. Goldsby,0,0,0,0,0,0,0,0,0,0,0,0,0,0,0,0,0,0,0,0,1,0,1,0,0,0,0,0,0,0,0,0,1,0,0,0,0,0,0,0,0,0,0,0,0,0,0,0,0,0,0,0,0,0,0,0,0,0,0,0,0,0,0,0,0,0,0,0,0,0,0,0,0,3,Bobo,Hydrangea paniculata,12031B,Half-open,Mop-like panicle,4,5,NA,72.1,16.583125,82.915625,0,5978.216563,5978.216563,10:32,10:37,0,0,1,65,2,NA,NA,NA,NA,NA,NA,NA,1,NA,NA,NA,NA,NA,NA,NA,NA,NA,NA,3,6,,
149,8/21/2024,21B,234,J. Goldsby,0,0,0,0,0,0,0,0,0,0,0,0,0,0,0,0,1,0,0,0,0,0,1,0,0,0,0,1,0,0,0,0,0,0,0,0,0,0,0,0,0,0,0,0,0,0,0,0,0,0,0,0,0,0,0,0,0,0,0,0,0,0,0,0,0,0,0,0,0,0,0,0,0,3,Great Star,Hydrangea paniculata,12020,Very dense,Lacy panicle,4,,9,150.7,36.67694444,0,1356.3,0,1356.3,11:45,11:50,0,2,0,68,NA,NA,NA,3,NA,NA,1,NA,NA,NA,NA,NA,NA,NA,NA,NA,NA,NA,NA,4,7,,
150,8/21/2024,3A,234,J. Goldsby,0,0,0,0,0,0,0,0,0,0,0,0,0,1,0,0,0,0,0,0,0,0,0,0,0,0,0,0,0,0,0,0,0,0,0,0,0,0,0,0,0,0,0,0,0,0,0,0,0,0,0,0,0,0,0,0,1,0,4,1,0,0,0,0,0,0,0,0,0,0,0,0,0,7,Sweet Summer,Hydrangea paniculata,12022,Dense,Mop-like panicle,4,8.333333333,NA,361,22.3493763,186.2448025,0,67234.37369,67234.37369,16:14,16:19,0,2,1,74,2,NA,NA,NA,NA,NA,NA,NA,NA,NA,NA,NA,NA,NA,1,NA,NA,NA,NA,3,10,No sample!,
151,8/21/2024,6A,234,J. Goldsby,0,0,0,0,0,0,0,0,0,0,0,0,1,0,0,0,0,0,0,0,0,0,0,0,0,0,0,0,0,0,0,0,0,0,0,0,0,0,0,0,0,0,0,0,0,0,0,0,0,0,0,0,0,0,0,0,0,0,2,3,0,0,0,1,0,0,0,0,0,0,0,0,0,7,Honey Comb,Hydrangea paniculata,11031,Open,Lacy panicle,4,3.666666667,NA,189.5,40.6006628,148.8690969,0,28210.69387,28210.69387,15:46,15:51,0,1,0,74,11,NA,NA,9,NA,NA,NA,NA,2,NA,NA,NA,NA,NA,2,NA,NA,NA,NA,24,31,,1 unknown skipper
152,8/21/2024,8A,234,J. Goldsby,0,0,0,0,0,0,0,0,0,0,0,0,0,0,0,0,0,0,0,0,0,0,0,0,0,0,0,0,0,0,0,0,0,0,0,0,0,0,0,0,0,0,0,0,0,0,0,0,0,0,0,0,0,0,0,0,0,0,0,1,0,0,0,0,0,0,0,0,0,0,0,0,0,1,Mega Pearl,Hydrangea paniculata,1128,Dense,Mop-like panicle,4,5.333333333,NA,36.1,22.3493763,119.1966736,0,4302.999916,4302.999916,15:56,16:01,0,2,0,74,5,NA,NA,4,NA,NA,NA,NA,2,NA,NA,NA,NA,NA,NA,NA,NA,NA,NA,11,12,,
153,8/21/2024,8D,234,J. Goldsby,0,0,0,0,0,0,0,0,0,0,0,0,1,0,0,0,0,0,0,0,0,0,0,0,0,0,0,0,0,0,0,0,0,0,0,0,0,0,0,0,0,0,0,0,0,0,0,0,0,0,0,0,0,0,0,0,0,0,0,0,0,0,0,0,0,0,0,0,0,0,0,0,0,1,Lime Light,Hydrangea paniculata,1072,Very dense,Mop-like panicle,4,16.33333333,NA,104.4,39.25,641.0833333,0,66929.1,66929.1,9:13,9:18,0,1,10,62,6,1,NA,NA,NA,NA,NA,NA,5,NA,NA,NA,NA,NA,NA,NA,NA,NA,NA,12,13,,
154,8/8/2024,10C,221,J. Goldsby,0,0,0,0,0,0,0,0,0,0,0,0,0,0,0,0,0,0,0,0,0,0,1,0,0,0,0,0,1,0,0,0,0,0,0,0,0,0,0,0,0,0,0,0,0,0,0,0,0,0,0,0,0,0,0,0,0,0,0,0,0,0,0,0,0,0,0,0,0,0,0,0,0,2,Fire Light,Hydrangea paniculata,14026,Dense,Mop-like panicle,4,2,NA,76.5,23.07027778,46.14055556,0,3529.7525,3529.7525,14:38,14:43,0,1,100,73,1,NA,NA,NA,NA,NA,NA,NA,1,NA,NA,NA,NA,NA,NA,NA,NA,NA,NA,2,4,,
155,8/8/2024,10D,221,J. Goldsby,0,0,0,0,0,0,0,0,0,0,0,0,0,0,0,0,0,0,0,0,0,0,2,0,0,0,0,2,0,0,0,0,0,0,0,0,0,0,0,0,0,0,0,0,0,0,0,0,0,0,1,0,0,0,0,0,1,0,0,0,0,0,0,0,0,0,0,0,0,0,0,0,0,6,Daimond Rogue,Hydrangea paniculata,17047,Half-open,Mop-like panicle,4,4.666666667,NA,109,25.12,117.2266667,0,12777.70667,12777.70667,10:33,10:38,0,0,90,72,3,NA,NA,NA,NA,NA,NA,NA,NA,NA,NA,NA,NA,NA,NA,NA,NA,NA,NA,3,9,,
156,8/8/2024,11C,221,J. Goldsby,0,0,0,0,0,0,0,0,0,0,0,0,0,0,0,0,0,0,0,0,0,0,1,0,0,0,0,0,0,0,0,0,1,0,0,0,0,0,0,0,0,0,0,0,0,0,0,0,0,0,0,0,0,0,0,0,0,0,0,0,0,0,0,0,0,0,0,0,0,0,0,0,0,2,Little Quick Fire,Hydrangea paniculata,14010,Open,Lacy panicle,4,1,NA,59.7,14.92590278,14.92590278,0,891.0763958,891.0763958,14:29,14:34,0,1,100,73,1,NA,NA,1,NA,NA,NA,NA,NA,NA,NA,NA,NA,NA,NA,NA,NA,NA,NA,2,4,,
157,8/8/2024,11D,221,J. Goldsby,0,0,0,0,0,0,0,0,0,0,0,0,1,1,0,0,0,0,0,0,0,0,1,0,0,0,0,0,0,0,0,0,1,0,0,0,0,0,0,0,0,0,0,0,0,0,0,0,0,0,0,0,0,0,0,0,0,0,0,1,0,0,0,0,0,0,0,0,0,0,0,0,0,5,Kyushu,Hydrangea paniculata,93021,Open,Lacy panicle,NA,12.66666667,NA,404.7,25.12,318.1866667,0,128770.144,128770.144,10:49,10:54,0,2,100,72,4,NA,NA,5,NA,NA,NA,NA,1,NA,NA,NA,NA,NA,1,NA,NA,NA,NA,11,16,,
158,8/8/2024,12C,221,J. Goldsby,0,0,0,0,0,0,0,0,0,0,0,0,0,0,0,0,0,0,0,0,0,0,0,0,0,0,0,0,0,0,0,0,0,0,0,0,0,0,0,0,0,0,0,0,0,0,0,0,0,0,0,0,0,0,0,0,0,0,0,0,0,0,0,0,0,0,0,0,0,0,0,0,0,0,Polar Ball,Hydrangea paniculata,13029,Very dense,Mop-like panicle,4,1,NA,4.5,15.74361111,15.74361111,0,70.84625,70.84625,13:05,15:10,0,1,90,73,NA,NA,NA,NA,NA,NA,NA,NA,NA,NA,NA,NA,NA,NA,NA,NA,NA,NA,NA,0,0,,
159,8/8/2024,12D,221,J. Goldsby,0,0,0,0,0,0,0,0,0,0,0,0,1,0,0,0,0,1,0,0,0,0,2,1,0,0,0,0,0,1,0,0,0,0,0,0,0,0,0,0,0,0,0,0,0,0,0,0,0,0,0,0,0,1,0,0,0,0,0,2,0,0,0,0,0,0,0,0,0,0,0,0,0,9,Phantom,Hydrangea paniculata,1004,Dense,Mop-like panicle,4,9,NA,98.3,56.52,508.68,0,50003.244,50003.244,11:06,11:11,0,1,100,72,4,NA,NA,1,NA,NA,NA,NA,4,NA,NA,NA,NA,NA,NA,NA,NA,NA,NA,9,18,,
160,8/8/2024,13C,221,J. Goldsby,0,0,0,0,0,0,0,0,0,0,0,0,0,0,0,0,3,0,0,0,2,0,0,0,0,0,0,0,0,0,0,0,0,1,0,0,0,0,0,0,0,0,0,0,0,0,0,0,0,0,0,0,0,0,0,0,0,0,0,1,0,0,0,0,0,0,0,0,0,0,0,0,0,7,Fire Light,Hydrangea paniculata,18008B,,,NA,3.333333333,NA,71.4,24.08423611,80.28078704,0,5732.048194,5732.048194,14:18,14:23,0,1,100,74,1,NA,NA,NA,NA,NA,NA,NA,1,NA,NA,NA,NA,NA,NA,NA,NA,NA,NA,2,9,,
161,8/8/2024,13D,221,J. Goldsby,0,0,0,0,0,0,0,0,0,0,0,0,0,2,0,0,0,2,0,0,1,0,3,0,0,0,0,2,0,1,0,0,0,0,0,0,0,0,0,0,0,0,0,0,0,0,0,0,0,0,0,0,0,1,0,1,0,0,0,0,0,0,0,0,0,0,0,0,0,0,0,0,0,13,Ruby,Hydrangea paniculata,98053,Half-open,Mop-like panicle,4,5.333333333,NA,232.8,35.423125,188.9233333,0,43981.352,43981.352,11:19,11:24,0,2,100,72,8,NA,NA,1,NA,NA,NA,NA,1,NA,NA,NA,NA,NA,NA,NA,NA,NA,NA,10,23,,
162,8/8/2024,14C,221,J. Goldsby,0,0,0,0,0,0,0,1,0,0,0,0,0,0,0,0,0,1,0,0,0,0,2,0,0,0,0,0,0,0,0,0,2,1,0,0,0,0,0,0,0,0,0,0,0,0,0,0,0,0,0,0,0,0,0,0,0,0,0,0,0,0,0,0,0,0,0,0,0,0,0,0,0,7,Fire Light,Hydrangea paniculata,18008A,Dense,Mop-like panicle,4,4.666666667,NA,94.3,23.07027778,107.6612963,0,10152.46024,10152.46024,14:09,14:14,0,1,100,73,2,NA,NA,1,NA,NA,NA,NA,NA,NA,NA,NA,NA,NA,NA,NA,NA,NA,NA,3,10,,
163,8/8/2024,15D,221,J. Goldsby,0,0,0,0,0,0,0,0,0,0,0,0,0,0,0,0,2,1,0,0,1,0,0,0,0,0,0,0,0,0,0,0,0,0,0,0,0,0,0,0,0,0,0,0,0,0,0,0,0,0,0,0,0,0,0,0,0,0,0,0,0,0,0,0,0,0,0,0,0,0,0,0,0,4,Tickled Pink,Hydrangea paniculata,11044,Dense,Lacy panicle,4,7,NA,88.6,11.873125,83.111875,0,7363.712125,7363.712125,11:44,11:49,0,1,100,73,3,NA,NA,1,NA,NA,NA,NA,NA,NA,NA,NA,NA,NA,NA,NA,NA,NA,NA,4,8,,
164,8/8/2024,16D,221,J. Goldsby,0,0,0,0,0,0,0,0,0,0,0,0,0,0,0,0,0,0,0,0,0,0,0,0,0,0,0,0,0,0,0,0,0,0,0,0,0,0,0,0,0,0,0,0,0,0,0,0,0,0,0,0,0,0,0,0,1,0,0,0,0,0,0,0,0,0,0,0,0,1,0,0,0,2,Green Spire,Hydrangea paniculata,95054,Open,Lacy panicle,4,5.666666667,NA,109.8,44.65777778,253.0607407,0,27786.06933,27786.06933,13:08,13:13,0,2,100,73,3,NA,NA,5,NA,NA,NA,NA,2,NA,NA,NA,1,NA,NA,NA,NA,NA,NA,11,13,,
165,8/8/2024,17D,221,J. Goldsby,0,0,0,0,0,0,0,0,0,0,0,0,0,0,0,0,0,0,0,0,0,0,3,0,0,0,0,0,0,1,0,0,2,2,0,0,0,0,0,0,0,0,0,0,0,0,0,0,0,0,0,0,0,1,0,0,0,0,0,1,0,0,0,0,0,0,0,0,0,0,0,0,0,10,Pink Lady,Hydrangea paniculata,1005,Very dense,Mop-like panicle,4,6.666666667,NA,91.7,22.078125,147.1875,0,13497.09375,13497.09375,13:21,13:26,0,1,100,73,2,NA,NA,NA,NA,NA,NA,NA,NA,NA,NA,NA,1,NA,NA,NA,NA,NA,NA,3,13,,
166,8/8/2024,18D,221,J. Goldsby,0,0,0,0,0,0,0,0,0,0,0,0,0,0,0,0,0,0,0,0,1,0,0,0,0,0,0,0,0,0,0,0,0,5,0,0,0,0,0,0,0,0,0,0,0,0,0,0,0,0,1,0,0,0,0,0,0,0,0,1,0,0,0,0,0,0,0,0,0,0,0,0,0,8,Bobo,Hydrangea paniculata,12031B,Half-open,Mop-like panicle,4,11.33333333,NA,72.1,16.583125,187.9420833,0,13550.62421,13550.62421,13:32,13:37,0,2,100,73,NA,NA,NA,NA,NA,NA,NA,NA,2,NA,NA,NA,1,NA,NA,NA,NA,NA,NA,3,11,,1 unknown moth
167,8/8/2024,1D,221,J. Goldsby,0,0,0,0,0,0,0,0,0,0,0,0,0,0,0,0,0,0,0,0,0,0,1,0,0,0,0,0,0,0,0,0,1,0,0,0,0,0,0,0,0,0,0,0,0,0,0,0,0,0,0,0,0,0,0,0,0,0,0,0,0,0,0,0,0,0,0,0,0,0,0,0,0,2,Floribunda,Hydrangea paniculata,87273-0,Open,Lacy panicle,4,3.666666667,NA,243,8.547777778,31.34185185,0,7616.07,7616.07,8:04,8:09,0,1,15,66,NA,NA,NA,NA,NA,NA,NA,NA,1,NA,NA,NA,NA,NA,NA,NA,NA,NA,NA,1,3,,
168,8/8/2024,21D,221,J. Goldsby,0,0,0,0,0,0,0,0,0,0,0,0,0,0,0,0,1,0,0,0,0,0,1,0,0,0,0,1,0,0,0,0,0,0,0,0,0,0,0,0,0,0,0,0,0,0,0,0,0,0,0,0,0,0,0,0,0,0,0,1,0,0,0,0,0,0,0,0,0,0,0,0,0,4,Candy Apple,Hydrangea paniculata,20012A,Very dense,Mop-like panicle,5,8,NA,76.9,6.814236111,54.51388889,0,4192.118056,4192.118056,13:34,11:39,0,2,100,74,1,NA,NA,NA,NA,NA,NA,NA,2,NA,NA,NA,NA,NA,NA,NA,NA,NA,NA,3,7,,Some flowers with double bracts
169,8/8/2024,2C,221,E. Braatz,0,0,0,0,0,0,0,0,0,0,0,0,0,0,0,0,0,1,0,0,0,0,0,0,0,0,0,0,0,0,0,0,0,0,0,0,0,0,0,0,0,0,0,0,0,0,0,0,0,0,0,0,0,0,0,0,0,0,0,3,0,0,0,0,0,0,0,0,0,0,0,0,0,4,Pinky Winky,Hydrangea paniculata,14022,Half-open,Mop-like panicle,4,10,NA,47.1,14.92590278,149.2590278,0,7030.100208,7030.100208,15:41,15:46,0,2,95,77,4,NA,NA,1,NA,NA,NA,NA,NA,NA,NA,NA,NA,1,NA,NA,NA,NA,NA,6,10,,
170,8/8/2024,2D,221,J. Goldsby,0,0,0,0,0,0,0,0,0,0,0,0,0,0,0,0,1,0,0,0,0,0,1,0,0,0,0,0,0,0,0,0,1,0,0,0,0,0,0,0,0,0,0,0,0,0,0,0,0,0,0,0,0,0,0,0,0,0,0,0,0,0,0,0,0,0,0,0,0,0,0,0,0,3,Little Lime,Hydrangea paniculata,10040,Dense,Mop-like panicle,4,,6,29.33333,1.57,0,175.99998,0,175.99998,13:56,14:01,0,2,100,73,NA,NA,NA,NA,NA,NA,NA,NA,1,NA,NA,NA,NA,NA,NA,NA,NA,NA,NA,1,4,,
171,8/8/2024,3D,221,J. Goldsby,0,0,0,0,0,0,0,0,0,0,0,0,0,0,0,1,0,1,0,0,2,0,1,0,0,0,0,0,0,0,0,0,1,0,0,0,0,0,0,0,0,0,0,0,0,0,0,0,0,0,0,0,0,0,0,0,0,0,0,0,0,0,0,0,0,0,0,0,0,0,0,0,0,6,Vanilla Strawberry,Hydrangea paniculata,10063,Half-open,Mop-like panicle,5,3,NA,349.6,48.94256944,146.8277083,0,51330.96683,51330.96683,8:34,8:39,0,1,85,67,NA,NA,NA,NA,NA,NA,NA,NA,1,NA,NA,NA,NA,NA,NA,NA,NA,1,NA,2,8,,
172,8/8/2024,4C,221,E. Braatz,0,0,0,0,0,0,0,0,0,0,0,0,0,0,0,0,0,0,0,0,0,0,0,0,0,0,0,0,0,0,0,0,0,1,0,0,0,0,0,0,0,0,0,0,0,0,0,0,0,0,0,0,0,0,1,0,0,0,0,0,0,0,0,0,0,0,0,0,0,0,0,0,0,2,Little Lamb,Hydrangea paniculata,4054,Very dense,Mop-like panicle,4,7.333333333,NA,50,26.17756944,191.9688426,0,9598.44213,9598.44213,16:22,16:27,0,2,95,76,1,NA,NA,NA,NA,NA,NA,NA,NA,NA,NA,NA,NA,NA,NA,NA,NA,NA,NA,1,3,,
173,8/8/2024,4D,221,J. Goldsby,0,0,0,0,0,0,0,0,0,0,0,0,0,0,0,0,0,0,0,0,0,0,0,0,0,0,0,0,0,0,0,0,0,0,0,0,0,0,0,0,0,0,0,0,0,0,0,0,0,0,0,0,0,0,0,0,0,0,0,0,0,1,0,0,0,0,0,0,0,0,0,0,0,1,Great Star,Hydrangea paniculata,12020,Open,Lacy panicle,4,0.666666667,NA,167.9,43.273125,28.84875,0,4843.705125,4843.705125,8:50,8:55,0,1,90,67,1,NA,NA,1,NA,NA,NA,NA,1,NA,NA,NA,NA,NA,NA,NA,NA,NA,NA,3,4,,
174,8/8/2024,5D,221,J. Goldsby,0,0,0,0,0,0,0,0,0,0,0,0,1,0,0,0,0,0,0,0,1,0,1,0,0,0,0,0,0,0,0,0,1,1,0,0,0,0,0,0,0,0,0,0,0,0,0,0,0,0,0,0,0,0,0,0,0,0,0,0,0,0,0,0,0,0,0,0,0,0,0,0,0,5,Brussels Lace,Hydrangea paniculata,96102,Open,Lacy panicle,4,8,NA,492.1,18.32756944,146.6205556,0,72151.97539,72151.97539,8:59,9:04,0,1,95,68,2,NA,NA,NA,NA,NA,NA,NA,3,NA,NA,NA,NA,NA,NA,NA,NA,NA,NA,5,10,,
175,8/8/2024,6D,221,J. Goldsby,0,0,0,0,0,0,0,0,0,0,0,0,0,0,0,0,0,0,0,0,0,0,5,1,0,0,0,0,0,0,0,2,2,0,0,0,0,0,0,0,0,0,0,0,0,0,0,0,0,0,0,0,0,0,0,0,0,0,0,0,0,0,0,0,0,0,0,0,0,0,0,0,0,10,Strawberry Sundae,Hydrangea paniculata,15055,Dense,Mop-like panicle,4,6.333333333,NA,42.8,31.7925,201.3525,0,8617.887,8617.887,9:05,9:10,0,2,85,70,NA,NA,NA,1,NA,NA,NA,NA,1,NA,NA,NA,NA,NA,NA,NA,NA,NA,NA,2,12,,Many blooms past
176,8/8/2024,7D,221,E. Braatz + J. Goldsby,0,0,0,0,0,0,0,0,0,0,0,0,0,0,0,0,0,1,0,0,0,0,0,0,0,0,0,0,0,0,0,0,0,0,0,0,0,0,0,0,0,0,0,0,0,0,0,0,0,0,0,0,0,0,0,0,0,0,0,0,0,0,0,0,0,0,1,0,0,0,0,0,0,2,Pink Diamond,Hydrangea paniculata,97033,Open,Lacy panicle,4,14.66666667,NA,160.7,39.25,575.6666667,0,92509.63333,92509.63333,10:00,10:05,0,1,95,70,8,NA,NA,7,NA,NA,NA,NA,6,NA,NA,NA,NA,NA,1,NA,NA,NA,1,23,25,,1 rusty patched bumble bee seen outside of sampling time (10:45am)
177,8/8/2024,8C,221,E. Braatz,0,0,0,0,0,0,0,0,0,0,0,0,0,0,0,0,0,1,0,0,1,0,1,0,0,0,0,0,0,0,0,0,1,0,0,0,0,0,0,0,0,0,0,0,0,0,0,0,0,0,0,0,0,0,0,0,0,0,0,0,0,0,0,0,0,0,0,0,0,0,0,0,0,4,Strawberry Shake,Hydrangea paniculata,18031A,Very dense,Mop-like panicle,4,3.333333333,NA,27.1,14.13,47.1,0,1276.41,1276.41,16:04,16:09,0,2,90,76,NA,NA,NA,NA,NA,NA,NA,NA,NA,NA,NA,NA,NA,NA,NA,NA,NA,NA,NA,0,4,,extra sepals
178,8/8/2024,8D,221,J. Goldsby,0,0,0,0,0,0,0,0,0,0,0,0,0,1,0,0,0,0,0,0,1,0,2,0,0,0,0,1,0,0,0,0,1,0,0,0,0,0,0,0,0,0,0,0,0,0,0,0,0,0,0,0,0,0,0,0,0,1,0,1,0,0,0,0,0,0,0,0,0,0,0,0,0,8,Lime Light,Hydrangea paniculata,1072,Very dense,Mop-like panicle,4,0.666666667,NA,104.4,39.25,26.16666667,0,2731.8,2731.8,10:14,10:19,0,1,80,72,2,NA,NA,NA,NA,NA,NA,NA,1,NA,NA,NA,NA,NA,NA,NA,NA,NA,NA,3,11,,
179,8/9/2024,10A,222,E. Braatz,0,0,0,0,0,0,0,0,0,0,0,0,0,0,0,0,1,0,0,0,0,0,0,0,0,0,0,0,0,0,0,0,0,0,0,0,0,0,0,0,0,0,0,0,0,0,0,0,0,0,0,0,0,0,0,0,0,0,0,0,0,0,0,0,0,0,0,0,0,0,0,0,0,1,Pinky Winky,Hydrangea paniculata,7045,Half-open,Lacy panicle,4,12.66666667,NA,79,3.893607787,49.31903197,0,3896.203526,3896.203526,9:07,9:12,0,0,80,61,4,NA,NA,NA,NA,NA,NA,NA,2,NA,NA,NA,NA,NA,2,NA,NA,NA,NA,8,9,,
180,8/9/2024,1A,222,E. Braatz,0,0,0,0,0,0,0,0,0,0,0,0,0,0,0,0,1,0,0,0,0,0,0,0,0,0,0,0,0,0,0,0,0,0,0,0,0,0,0,0,0,0,0,0,0,0,0,0,0,0,0,0,0,0,0,0,0,0,0,0,0,0,0,0,0,0,0,0,0,0,0,0,0,1,Strawberry Shake,Hydrangea paniculata,18031B,Very dense,Mop-like panicle,4,,21,68.4,11.16444444,0,1436.4,0,1436.4,9:44,9:49,0,2,100,60,NA,NA,NA,NA,NA,NA,NA,NA,NA,NA,NA,NA,NA,NA,NA,NA,NA,NA,NA,0,1,,"Not many open flowers and colder day so fewer bugs, especially fewer small bugs"
181,8/9/2024,22B,222,E. Braatz,0,0,0,0,0,0,0,0,0,0,0,0,0,0,0,0,2,0,0,0,0,0,0,0,0,0,0,0,0,0,0,0,0,0,0,0,0,0,0,0,0,0,0,0,0,0,0,0,0,0,0,0,0,0,0,0,0,0,0,0,0,0,0,0,0,0,0,0,0,0,0,0,0,2,Limelight Prime,Hydrangea paniculata,21039,Half-open,Mop-like panicle,4,4,NA,17.7,5.276944444,21.10777778,0,373.6076667,373.6076667,11:32,11:37,0,2,100,61,NA,NA,NA,NA,NA,NA,NA,NA,NA,NA,NA,NA,NA,NA,NA,NA,NA,NA,NA,0,2,,
182,8/9/2024,2B,222,E. Braatz,0,0,0,0,0,0,0,0,0,0,0,0,0,0,0,0,0,0,0,0,1,0,0,0,0,0,0,0,0,0,0,0,0,0,0,0,0,0,0,0,0,0,0,0,0,0,0,0,0,0,0,0,0,0,0,0,0,0,0,0,0,0,0,0,0,0,0,0,0,0,0,0,0,1,Phantom,Hydrangea paniculata,1004,Half-open,Mop-like panicle,4,7,NA,174.4,120.203125,841.421875,0,146743.975,146743.975,11:17,11:22,0,1,100,61,1,NA,NA,4,NA,NA,NA,NA,2,NA,NA,NA,NA,NA,NA,NA,NA,NA,NA,7,8,,
183,8/9/2024,3A,222,E. Braatz,0,0,0,0,0,0,0,0,0,0,0,0,0,0,0,0,1,0,0,0,1,0,1,0,0,0,0,0,0,0,1,0,0,0,0,0,0,0,0,0,0,0,0,0,0,0,0,0,0,0,0,0,0,0,0,0,0,0,0,0,0,0,0,0,0,0,0,0,0,0,0,1,0,5,Sweet Summer,Hydrangea paniculata,12022,Dense,Mop-like panicle,4,12.33333333,NA,361,22.3493763,275.6423077,0,99506.87306,99506.87306,9:29,9:34,0,2,90,60,NA,NA,NA,3,NA,NA,NA,NA,NA,NA,NA,NA,NA,NA,NA,NA,NA,NA,NA,3,8,,
184,8/9/2024,3B,222,E. Braatz,0,0,0,0,0,0,0,0,0,0,0,0,0,0,0,0,2,0,0,0,1,0,0,0,0,0,0,0,0,0,0,0,0,0,0,0,0,0,0,0,0,0,0,0,0,0,0,0,0,0,0,0,0,0,0,0,0,0,0,0,0,0,0,0,0,0,0,0,0,0,0,0,0,3,Little Lime,Hydrangea paniculata,10040,Very dense,Mop-like panicle,4,,41,NA,#VALUE!,#VALUE!,#VALUE!,#VALUE!,NA,11:04,11:09,0,1,100,61,NA,NA,NA,NA,NA,NA,NA,NA,NA,NA,NA,NA,NA,NA,NA,NA,NA,NA,NA,0,3,,Not many open flowers
185,8/9/2024,6B,222,E. Braatz,0,0,0,0,0,0,0,0,0,0,0,0,0,0,0,0,2,0,0,0,1,0,0,0,0,0,0,0,0,0,0,0,0,2,0,0,0,0,0,0,0,0,0,0,0,0,0,0,0,0,0,0,0,0,0,0,0,0,0,0,0,0,0,0,0,0,0,0,0,0,0,0,0,5,Mega Pearl,Hydrangea paniculata,1128,Half-open,Lacy panicle,4,10.66666667,NA,154.8,2.981043462,31.79779693,0,4922.298965,4922.298965,10:50,10:55,0,2,100,61,1,NA,NA,3,NA,NA,NA,NA,1,NA,NA,NA,NA,NA,NA,NA,NA,NA,NA,5,10,,
186,8/9/2024,8A,222,E. Braatz,0,0,0,0,0,0,0,0,0,0,0,0,1,0,0,0,0,0,0,0,0,0,0,0,0,0,0,0,0,0,0,0,0,0,0,0,0,0,0,0,0,0,0,0,0,0,0,0,0,0,0,0,0,0,0,0,0,0,0,0,0,0,0,0,0,0,0,0,0,0,0,0,0,1,Mega Pearl,Hydrangea paniculata,1128,Dense,Mop-like panicle,4,8.333333333,NA,36.1,22.3493763,186.2448025,0,6723.437369,6723.437369,10:24,10:29,0,2,100,60,NA,NA,NA,4,NA,NA,NA,NA,1,NA,NA,NA,NA,NA,NA,NA,NA,NA,NA,5,6,,
187,8/9/2024,9B,222,E. Braatz,0,0,0,0,0,0,0,0,0,0,0,0,0,0,0,0,0,0,0,0,0,0,0,0,0,0,0,0,0,0,0,0,0,1,1,0,0,0,0,0,0,0,0,0,0,0,0,0,0,0,0,0,0,0,0,0,0,0,0,0,0,0,0,0,0,0,0,0,0,0,0,0,0,2,Silver Dollar,Hydrangea paniculata,1006,Dense,Mop-like panicle,4,8,NA,41.2,4.569581361,36.55665089,0,1506.134017,1506.134017,11:54,11:59,0,3,100,61,1,NA,NA,NA,NA,NA,NA,NA,1,NA,NA,NA,NA,NA,NA,NA,NA,NA,NA,2,4,,
